total polar surface area,relative polar surface area,TPSA,FractionCSP3,MolLogP
NA,NA,41.489999999999995,NA,3.267000000000002
NA,NA,29.54,NA,4.635000000000004
NA,NA,75.00999999999999,NA,1.544
NA,NA,41.57,NA,2.5775000000000006
NA,NA,112.74000000000001,NA,2.5487200000000003
NA,NA,220.25999999999996,NA,-1.1119999999999963
NA,NA,170.87,NA,0.3132000000000008
NA,NA,39.82,NA,3.1285200000000017
NA,NA,59.080000000000005,NA,3.368500000000002
NA,NA,159.29,NA,-1.2919999999999998
NA,NA,117.51,NA,1.3611000000000002
NA,NA,84.32,NA,-0.53708
NA,NA,0.0,NA,1.4215
NA,NA,166.75,NA,3.0924000000000027
NA,NA,20.310000000000002,NA,4.292000000000004
NA,NA,85.49000000000001,NA,1.3839000000000006
NA,NA,43.78,NA,5.088000000000005
NA,NA,49.769999999999996,NA,1.9309
NA,NA,113.6,NA,3.641700000000002
NA,NA,90.71,NA,2.0097999999999994
NA,NA,0.0,NA,2.442500000000001
NA,NA,26.02,NA,1.5763
NA,NA,74.16,NA,4.513800000000004
NA,NA,81.95,NA,0.6347999999999998
NA,NA,32.78,NA,4.214800000000004
NA,NA,73.1,NA,2.11348
NA,NA,37.61,NA,3.2488400000000013
NA,NA,30.869999999999997,NA,2.0298999999999996
NA,NA,28.160000000000004,NA,2.1634
NA,NA,187.92999999999998,NA,-1.0649999999999937
NA,NA,75.27000000000001,NA,1.1849999999999998
NA,NA,75.00999999999999,NA,1.544
NA,NA,41.57,NA,3.871400000000003
NA,NA,64.43,NA,2.4747000000000003
NA,NA,23.550000000000004,NA,4.136700000000003
NA,NA,44.12,NA,2.669100000000001
NA,NA,83.72000000000001,NA,0.5148999999999999
NA,NA,9.72,NA,4.580200000000004
NA,NA,59.14,NA,3.8556999999999997
NA,NA,106.39,NA,1.6733999999999998
NA,NA,50.160000000000004,NA,2.3183999999999996
NA,NA,103.70000000000002,NA,0.40430000000000027
NA,NA,77.28999999999999,NA,1.7149999999999999
NA,NA,35.25,NA,2.02944
NA,NA,29.54,NA,4.275500000000004
NA,NA,15.27,NA,4.552200000000003
NA,NA,83.91000000000001,NA,2.991200000000001
NA,NA,150.54,NA,-0.22560000000000074
NA,NA,16.130000000000003,NA,1.1857
NA,NA,39.68000000000001,NA,2.625000000000001
NA,NA,45.59,NA,3.1732000000000014
NA,NA,0.0,NA,2.2490000000000006
NA,NA,103.30999999999999,NA,1.2972000000000001
NA,NA,154.1,NA,3.9909000000000034
NA,NA,87.66000000000001,NA,2.3655000000000013
NA,NA,29.259999999999998,NA,4.291500000000003
NA,NA,87.34,NA,4.513600000000003
NA,NA,137.5,NA,1.18338
NA,NA,24.92,NA,0.8434999999999999
NA,NA,12.03,NA,2.2961
NA,NA,171.17,NA,3.5175000000000036
NA,NA,41.99,NA,6.091320000000005
NA,NA,65.64,NA,4.907900000000004
NA,NA,83.66000000000001,NA,2.7932000000000006
NA,NA,12.03,NA,4.211400000000004
NA,NA,37.39,NA,4.010000000000003
NA,NA,97.28000000000002,NA,2.3887
NA,NA,176.34000000000003,NA,-4.953199999999994
NA,NA,58.86,NA,3.0294000000000008
NA,NA,0.0,NA,2.3406000000000002
NA,NA,77.28999999999999,NA,0.3564200000000002
NA,NA,52.57,NA,2.5513000000000003
NA,NA,12.47,NA,4.258500000000004
NA,NA,83.91000000000001,NA,1.7351
NA,NA,173.76,NA,-0.5359999999999983
NA,NA,50.53,NA,4.694700000000004
NA,NA,32.7,NA,3.4076200000000023
NA,NA,80.42,NA,1.4754999999999998
NA,NA,67.00999999999999,NA,3.2433000000000014
NA,NA,43.32,NA,0.8354999999999999
NA,NA,81.19,NA,0.6994199999999999
NA,NA,32.34,NA,2.8457000000000017
NA,NA,21.259999999999998,NA,3.9163000000000032
NA,NA,3.24,NA,4.168600000000003
NA,NA,214.96000000000004,NA,-1.6112999999999964
NA,NA,37.39,NA,3.948500000000003
NA,NA,41.49,NA,3.0654200000000014
NA,NA,80.42,NA,2.2380000000000004
NA,NA,83.09000000000002,NA,2.8716000000000017
NA,NA,32.7,NA,2.433700000000001
NA,NA,12.89,NA,2.2328200000000002
NA,NA,90.9,NA,2.8907000000000007
NA,NA,0.0,NA,1.7875
NA,NA,77.05,NA,3.2847000000000017
NA,NA,148.26,NA,0.09859999999999991
NA,NA,52.05,NA,4.070700000000002
NA,NA,84.38999999999999,NA,3.0813200000000016
NA,NA,49.33,NA,1.3505999999999998
NA,NA,63.6,NA,1.3101
NA,NA,74.43,NA,-0.4022000000000001
NA,NA,94.83000000000001,NA,3.475100000000002
NA,NA,197.40000000000003,NA,-3.1755999999999984
NA,NA,42.68,NA,6.936200000000007
NA,NA,227.45999999999998,NA,-2.4503999999999966
NA,NA,112.72999999999999,NA,0.3181000000000002
NA,NA,37.3,NA,4.269300000000004
NA,NA,102.77999999999999,NA,5.404700000000005
NA,NA,61.690000000000005,NA,2.4478999999999997
NA,NA,50.260000000000005,NA,3.0455000000000014
NA,NA,59.0,NA,1.0481999999999996
NA,NA,70.0,NA,0.7452000000000001
NA,NA,6.48,NA,4.631100000000004
NA,NA,64.67999999999999,NA,0.5992
NA,NA,23.47,NA,3.8826000000000036
NA,NA,38.91,NA,1.2782
NA,NA,160.83,NA,1.338599999999999
NA,NA,175.82999999999998,NA,-0.7679999999999989
NA,NA,81.64999999999999,NA,0.7357999999999993
NA,NA,103.32,NA,-11.7446
NA,NA,63.32,NA,1.3703
NA,NA,98.77000000000001,NA,-1.8468999999999949
NA,NA,72.19,NA,1.4230200000000002
NA,NA,101.9,NA,4.747620000000004
NA,NA,42.32,NA,5.351300000000005
NA,NA,49.769999999999996,NA,1.9309
NA,NA,181.62,NA,-2.6010999999999953
NA,NA,94.83,NA,1.8957000000000002
NA,NA,124.00999999999999,NA,0.4864999999999999
NA,NA,115.81,NA,-0.05310000000000015
NA,NA,70.59,NA,1.6990999999999998
NA,NA,158.91999999999996,NA,-4.966779999999996
NA,NA,125.9,NA,0.47539999999999977
NA,NA,40.54,NA,3.377900000000002
NA,NA,19.03,NA,4.271100000000003
NA,NA,18.84,NA,2.916500000000001
NA,NA,29.950000000000003,NA,3.942700000000003
NA,NA,29.54,NA,2.2131
NA,NA,3.24,NA,4.331900000000004
NA,NA,112.65,NA,0.0395999999999993
NA,NA,75.27000000000001,NA,0.7003999999999997
NA,NA,52.32000000000001,NA,1.7145000000000001
NA,NA,44.81,NA,1.7739000000000003
NA,NA,86.71000000000001,NA,0.08989999999999998
NA,NA,77.10000000000001,NA,2.8997400000000013
NA,NA,112.74000000000001,NA,1.8953199999999997
NA,NA,112.13,NA,-0.9890000000000005
NA,NA,98.77000000000001,NA,-0.6375999999999995
NA,NA,112.70000000000002,NA,0.909
NA,NA,118.69,NA,0.12990000000000024
NA,NA,75.27000000000001,NA,1.7379
NA,NA,181.62,NA,0.28239999999999993
NA,NA,109.49000000000001,NA,0.9242000000000007
NA,NA,35.53,NA,3.060500000000001
NA,NA,46.53,NA,2.582
NA,NA,17.82,NA,5.376700000000004
NA,NA,74.6,NA,2.666700000000002
NA,NA,91.66999999999999,NA,1.9898
NA,NA,23.47,NA,6.225300000000005
NA,NA,41.03,NA,5.8570000000000055
NA,NA,35.94,NA,3.664100000000002
NA,NA,66.64,NA,2.5943999999999994
NA,NA,32.67,NA,3.934000000000003
NA,NA,37.3,NA,4.595200000000005
NA,NA,58.2,NA,0.5378999999999994
NA,NA,55.56,NA,1.7673999999999999
NA,NA,23.47,NA,3.940400000000003
NA,NA,6.48,NA,4.241000000000003
NA,NA,57.279999999999994,NA,1.9055999999999995
NA,NA,358.20000000000005,NA,-0.24927999999999162
NA,NA,124.29000000000002,NA,2.4404000000000003
NA,NA,40.620000000000005,NA,2.5349000000000004
NA,NA,105.51,NA,1.2575999999999998
NA,NA,117.54,NA,2.740520000000001
NA,NA,86.71000000000001,NA,-2.3391999999999995
NA,NA,101.44999999999999,NA,1.8944999999999996
NA,NA,69.11,NA,-0.9762000000000002
NA,NA,30.21,NA,1.793
NA,NA,86.18,NA,1.6838000000000002
NA,NA,88.50999999999999,NA,4.073300000000003
NA,NA,100.88000000000001,NA,2.9014000000000006
NA,NA,29.54,NA,4.402200000000004
NA,NA,40.46,NA,4.828600000000004
NA,NA,182.82999999999998,NA,3.247300000000002
NA,NA,203.05999999999997,NA,2.2181000000000015
NA,NA,78.82,NA,3.353200000000001
NA,NA,6.48,NA,4.239400000000003
NA,NA,23.550000000000004,NA,4.832100000000005
NA,NA,20.23,NA,3.6390000000000025
NA,NA,12.03,NA,4.301900000000003
NA,NA,45.75,NA,-0.23010000000000003
NA,NA,15.6,NA,5.026200000000003
NA,NA,117.78000000000002,NA,4.570700000000004
NA,NA,117.78000000000002,NA,4.171100000000004
NA,NA,75.27000000000001,NA,1.3510999999999997
NA,NA,35.58,NA,2.1044
NA,NA,54.37,NA,5.348500000000005
NA,NA,74.6,NA,1.8863
NA,NA,180.08,NA,1.9007000000000054
NA,NA,530.8699999999999,NA,-1.6776000000000246
NA,NA,52.32,NA,-2.819599999999996
NA,NA,57.199999999999996,NA,3.9445200000000034
NA,NA,118.21000000000001,NA,3.192800000000001
NA,NA,62.16000000000001,NA,4.4138000000000055
NA,NA,66.48,NA,0.5989999999999998
NA,NA,206.06999999999996,NA,0.0012999999999999123
NA,NA,213.11999999999998,NA,-1.3288999999999962
NA,NA,29.54,NA,4.613700000000004
NA,NA,27.05,NA,5.801400000000003
NA,NA,205.74,NA,-0.7634999999999934
NA,NA,32.26,NA,1.3278999999999999
NA,NA,72.72,NA,0.35060000000000013
NA,NA,193.91,NA,1.785600000000004
NA,NA,40.46,NA,3.6092000000000026
NA,NA,38.91,NA,2.695800000000001
NA,NA,52.900000000000006,NA,2.4722
NA,NA,38.769999999999996,NA,3.238100000000002
NA,NA,29.46,NA,5.735800000000006
NA,NA,30.93,NA,2.4245
NA,NA,9.72,NA,5.0388000000000055
NA,NA,6.48,NA,5.885600000000006
NA,NA,43.86000000000001,NA,3.4707000000000026
NA,NA,26.02,NA,-1.3822999999999985
NA,NA,45.78,NA,2.3617
NA,NA,86.74000000000001,NA,-0.2809999999999997
NA,NA,112.73000000000002,NA,0.3486000000000002
NA,NA,28.16,NA,4.810600000000004
NA,NA,117.55000000000001,NA,2.5334000000000003
NA,NA,119.31000000000002,NA,-0.29740000000000044
NA,NA,46.53,NA,-0.29149999999999543
NA,NA,37.3,NA,3.817400000000003
NA,NA,63.6,NA,3.6057000000000023
NA,NA,40.46,NA,3.6126000000000023
NA,NA,92.95,NA,2.0576
NA,NA,104.54999999999998,NA,-1.6835999999999995
NA,NA,112.74000000000001,NA,2.6878200000000003
NA,NA,65.72,NA,-0.7977000000000001
NA,NA,122.63000000000001,NA,1.8907
NA,NA,139.28000000000003,NA,-1.970899999999999
NA,NA,46.53,NA,-0.5396999999999963
NA,NA,40.54,NA,4.791000000000005
NA,NA,6.48,NA,5.259800000000004
NA,NA,9.72,NA,4.945600000000004
NA,NA,23.47,NA,4.330500000000004
NA,NA,57.230000000000004,NA,1.1847999999999999
NA,NA,6.48,NA,4.121000000000003
NA,NA,90.65,NA,2.4144
NA,NA,124.77999999999997,NA,-2.8519000000000005
NA,NA,37.3,NA,2.2874
NA,NA,16.130000000000003,NA,3.8374000000000024
NA,NA,42.21,NA,7.489800000000005
NA,NA,83.09,NA,2.871600000000001
NA,NA,173.70999999999998,NA,2.1145
NA,NA,64.35,NA,-1.6249000000000007
NA,NA,75.35000000000001,NA,-0.9561000000000002
NA,NA,46.53,NA,-0.14189999999999614
NA,NA,76.76,NA,1.6007000000000005
NA,NA,67.64,NA,0.5258999999999996
NA,NA,49.769999999999996,NA,1.8884
NA,NA,63.83,NA,0.9153999999999998
NA,NA,118.35999999999999,NA,-0.35129999999999945
NA,NA,94.83,NA,1.7815999999999999
NA,NA,118.35999999999999,NA,0.014100000000000501
NA,NA,37.3,NA,3.073200000000001
NA,NA,68.53,NA,3.9273200000000026
NA,NA,117.51000000000002,NA,1.3610999999999998
NA,NA,43.32,NA,0.8354999999999998
NA,NA,35.5,NA,3.5384000000000024
NA,NA,84.39000000000001,NA,3.0813200000000016
NA,NA,43.07,NA,3.5801200000000026
NA,NA,61.77,NA,1.157
NA,NA,104.7,NA,5.5773000000000055
NA,NA,282.61,NA,-7.2913999999999985
NA,NA,54.37,NA,3.1057000000000015
NA,NA,59.3,NA,2.2910000000000004
NA,NA,66.48,NA,0.7728000000000002
NA,NA,68.00999999999999,NA,-0.3149000000000006
NA,NA,72.72,NA,1.1291999999999998
NA,NA,210.50999999999996,NA,-0.5389000000000002
NA,NA,69.06,NA,4.2058000000000035
NA,NA,95.57999999999998,NA,2.1353999999999997
NA,NA,103.78,NA,0.05219999999999991
NA,NA,121.38000000000001,NA,-3.5854000000000004
NA,NA,181.61999999999998,NA,0.0588999999999994
NA,NA,49.33,NA,4.743620000000003
NA,NA,49.33,NA,3.7452400000000017
NA,NA,88.88999999999999,NA,0.5974
NA,NA,36.42,NA,2.3644999999999996
NA,NA,93.03,NA,-0.21050000000000008
NA,NA,50.72,NA,1.6132
NA,NA,81.19,NA,0.09201999999999982
NA,NA,40.54,NA,5.406500000000006
NA,NA,164.62999999999997,NA,0.18660000000000165
NA,NA,41.57000000000001,NA,1.4019999999999997
NA,NA,35.53,NA,1.7348000000000017
NA,NA,68.87,NA,-0.4245000000000001
NA,NA,33.42,NA,-2.4244999999999974
NA,NA,77.82,NA,2.5238000000000005
NA,NA,45.59,NA,3.1732000000000014
NA,NA,66.56,NA,1.925
NA,NA,46.53,NA,-0.29149999999999543
NA,NA,28.6,NA,2.658400000000001
NA,NA,6.48,NA,4.631100000000004
NA,NA,29.46,NA,3.915600000000003
NA,NA,35.53,NA,3.953800000000003
NA,NA,210.53999999999996,NA,0.2684000000000003
NA,NA,109.57,NA,0.5983000000000003
NA,NA,103.78,NA,0.4423000000000001
NA,NA,92.78999999999999,NA,-5.74798000000001
NA,NA,77.05000000000001,NA,3.2847000000000017
NA,NA,109.83,NA,3.1962200000000003
NA,NA,6.48,NA,3.0839000000000016
NA,NA,30.18,NA,4.324220000000003
NA,NA,145.77999999999997,NA,5.905200000000005
NA,NA,166.75,NA,3.092400000000003
NA,NA,9.23,NA,2.4232000000000005
NA,NA,98.33000000000001,NA,-1.2153000000000007
NA,NA,78.43,NA,1.0895000000000001
NA,NA,84.32,NA,-0.7090799999999999
NA,NA,336.43,NA,-8.16110000000001
NA,NA,97.97,NA,0.8596000000000001
NA,NA,98.22,NA,1.67444
NA,NA,94.83000000000001,NA,1.8036
NA,NA,27.05,NA,6.454800000000002
NA,NA,37.3,NA,3.4891000000000028
NA,NA,127.18,NA,3.005600000000002
NA,NA,33.120000000000005,NA,0.5739
NA,NA,37.3,NA,3.4925000000000024
NA,NA,66.48,NA,0.3842999999999999
NA,NA,52.489999999999995,NA,3.4250000000000016
NA,NA,46.53,NA,3.5431000000000026
NA,NA,63.33,NA,4.025800000000003
NA,NA,19.37,NA,2.4789000000000003
NA,NA,58.120000000000005,NA,2.6512200000000004
NA,NA,28.16,NA,2.1634
NA,NA,21.259999999999998,NA,3.9163000000000032
NA,NA,41.489999999999995,NA,3.065420000000001
NA,NA,52.05,NA,4.070700000000002
NA,NA,32.7,NA,3.4076200000000028
NA,NA,12.47,NA,4.258500000000004
NA,NA,83.58000000000001,NA,1.459
NA,NA,98.22,NA,1.36602
NA,NA,12.47,NA,5.996100000000007
NA,NA,129.67,NA,-8.113400000000007
NA,NA,104.89000000000001,NA,1.8468
NA,NA,90.37,NA,-0.5046000000000008
NA,NA,86.19000000000001,NA,0.6163
NA,NA,319.60999999999996,NA,0.7117000000000049
NA,NA,225.49999999999997,NA,-3.781299999999997
NA,NA,264.84999999999997,NA,-3.0495999999999954
NA,NA,49.81,NA,3.860000000000003
NA,NA,86.71000000000001,NA,0.8607999999999998
NA,NA,38.33,NA,2.0437
NA,NA,89.64999999999999,NA,2.6613999999999995
NA,NA,16.130000000000003,NA,3.1652000000000013
NA,NA,66.76,NA,3.560100000000002
NA,NA,12.47,NA,4.194900000000003
NA,NA,40.620000000000005,NA,3.7878000000000025
NA,NA,85.61,NA,0.7009999999999998
NA,NA,64.16,NA,3.5904200000000026
NA,NA,44.81,NA,3.6666000000000025
NA,NA,83.56,NA,3.9648400000000024
NA,NA,37.3,NA,3.8826000000000027
NA,NA,191.22,NA,-1.2991999999999946
NA,NA,71.77,NA,-0.5088000000000001
NA,NA,82.86000000000001,NA,0.3355999999999997
NA,NA,61.77,NA,2.2509000000000006
NA,NA,57.199999999999996,NA,-3.534599999999999
NA,NA,151.92,NA,-2.8909
NA,NA,160.83,NA,2.7529000000000003
NA,NA,9.03,NA,0.15770000000000017
NA,NA,530.4900000000001,NA,0.10620000000000951
NA,NA,109.57,NA,1.655
NA,NA,94.83,NA,1.5575999999999999
NA,NA,91.67,NA,1.7658
NA,NA,74.68,NA,2.1955
NA,NA,34.14,NA,4.723500000000005
NA,NA,41.489999999999995,NA,2.5775000000000006
NA,NA,129.59,NA,3.013800000000002
NA,NA,160.88,NA,-0.7936999999999972
NA,NA,143.72000000000003,NA,-3.0114999999999994
NA,NA,137.5,NA,-0.07271999999999912
NA,NA,186.58999999999997,NA,4.586800000000005
NA,NA,50.410000000000004,NA,3.5081000000000024
NA,NA,0.0,NA,2.376500000000001
NA,NA,0.0,NA,1.7875
NA,NA,20.23,NA,0.6347
NA,NA,0.0,NA,2.442500000000001
NA,NA,139.54000000000002,NA,-1.9799999999999998
NA,NA,117.51000000000002,NA,1.4035999999999997
NA,NA,97.28,NA,2.3887
NA,NA,43.95,NA,2.7963000000000005
NA,NA,216.65999999999997,NA,3.4262200000000016
NA,NA,57.53,NA,1.0903999999999998
NA,NA,62.3,NA,0.9180999999999993
NA,NA,60.44,NA,4.852300000000005
NA,NA,48.91,NA,4.118100000000003
NA,NA,137.82,NA,1.8001999999999998
NA,NA,64.88000000000001,NA,4.462700000000004
NA,NA,43.370000000000005,NA,3.5899000000000028
NA,NA,37.3,NA,3.879200000000003
NA,NA,181.62,NA,-0.37100000000000005
NA,NA,0.0,NA,2.832600000000001
NA,NA,0.0,NA,2.442500000000001
NA,NA,50.410000000000004,NA,3.815120000000002
NA,NA,30.17,NA,1.55042
NA,NA,84.57999999999998,NA,0.45210000000000006
NA,NA,0.0,NA,1.6866
NA,NA,64.42999999999999,NA,3.8808000000000034
NA,NA,40.54,NA,4.534700000000004
NA,NA,45.15,NA,4.447900000000002
NA,NA,75.00999999999999,NA,1.544
NA,NA,44.7,NA,3.9730000000000034
NA,NA,91.67000000000002,NA,1.8457
NA,NA,23.55,NA,4.012800000000003
NA,NA,23.55,NA,4.757700000000005
NA,NA,23.55,NA,3.7248000000000028
NA,NA,23.55,NA,4.819200000000004
NA,NA,72.68,NA,-1.039700000000001
NA,NA,83.38,NA,0.5976899999999998
NA,NA,78.50999999999999,NA,1.77392
NA,NA,75.27000000000001,NA,1.78302
NA,NA,115.06000000000002,NA,0.6204999999999998
NA,NA,129.62,NA,0.8334000000000001
NA,NA,118.35999999999999,NA,0.8210000000000011
NA,NA,332.3999999999999,NA,2.3433000000000073
NA,NA,63.95,NA,5.093080000000005
NA,NA,67.50999999999999,NA,3.609600000000002
NA,NA,17.07,NA,0.9854
NA,NA,0.0,NA,1.1703
NA,NA,29.259999999999998,NA,3.272100000000001
NA,NA,0.0,NA,1.4215
NA,NA,9.23,NA,1.0428000000000002
NA,NA,9.23,NA,1.29
NA,NA,9.23,NA,2.3528000000000002
NA,NA,52.230000000000004,NA,3.480800000000002
NA,NA,23.55,NA,4.648900000000004
NA,NA,66.84,NA,6.282300000000006
NA,NA,53.010000000000005,NA,3.148200000000002
NA,NA,74.57,NA,1.5833
NA,NA,62.46,NA,0.10859999999999992
NA,NA,62.46,NA,0.8887999999999998
NA,NA,65.56,NA,2.647100000000001
NA,NA,133.07999999999998,NA,-0.19628000000000012
NA,NA,23.55,NA,4.4436000000000035
NA,NA,47.02000000000001,NA,3.491900000000003
NA,NA,115.03999999999999,NA,-0.8560999999999999
NA,NA,75.27000000000001,NA,0.491
NA,NA,26.02,NA,-0.9695999999999991
NA,NA,3.24,NA,4.168600000000003
NA,NA,75.27000000000001,NA,1.1849999999999998
NA,NA,26.02,NA,1.5763
NA,NA,20.23,NA,-0.0014000000000000123
NA,NA,0.0,NA,2.2490000000000006
NA,NA,64.43,NA,1.7736999999999998
NA,NA,75.81,NA,2.5477000000000007
NA,NA,9.23,NA,1.7087999999999999
NA,NA,0.0,NA,2.5084999999999997
NA,NA,0.0,NA,2.976700000000002
NA,NA,0.0,NA,2.5866000000000007
NA,NA,42.230000000000004,NA,0.39931999999999995
NA,NA,42.230000000000004,NA,0.8822199999999998
NA,NA,42.230000000000004,NA,1.6624199999999998
NA,NA,42.230000000000004,NA,2.05252
NA,NA,42.230000000000004,NA,2.05252
NA,NA,62.46,NA,0.24471999999999988
NA,NA,42.230000000000004,NA,1.1361999999999999
NA,NA,65.78,NA,2.7189000000000005
NA,NA,26.93,NA,1.4844199999999999
NA,NA,43.7,NA,2.8499000000000025
NA,NA,29.54,NA,0.4213
NA,NA,36.440000000000005,NA,3.0058000000000016
NA,NA,49.769999999999996,NA,-0.07599999999999785
NA,NA,58.1,NA,3.7687000000000017
NA,NA,52.32,NA,1.4455
NA,NA,68.31,NA,2.423
NA,NA,87.07,NA,3.7650000000000015
NA,NA,23.47,NA,3.9624000000000033
NA,NA,66.48,NA,1.2012999999999998
NA,NA,118.03,NA,2.866900000000003
NA,NA,9.23,NA,2.3528000000000002
NA,NA,66.48,NA,1.3066
NA,NA,9.23,NA,2.0293
NA,NA,0.0,NA,2.1965000000000003
NA,NA,15.27,NA,4.552200000000004
NA,NA,29.259999999999998,NA,4.291500000000003
NA,NA,25.36,NA,2.923300000000001
NA,NA,69.80000000000001,NA,2.0775999999999994
NA,NA,87.46,NA,0.6633000000000002
NA,NA,65.78,NA,1.6992
NA,NA,43.86,NA,2.6910000000000007
NA,NA,36.690000000000005,NA,4.350700000000004
NA,NA,53.09,NA,2.9109000000000016
NA,NA,54.35,NA,2.6336000000000004
NA,NA,6.48,NA,6.544700000000008
NA,NA,39.260000000000005,NA,1.9776
NA,NA,29.1,NA,3.2993000000000023
NA,NA,58.56,NA,0.9050999999999996
NA,NA,75.27000000000001,NA,0.7948999999999999
NA,NA,61.82,NA,-1.0293
NA,NA,40.46,NA,5.846500000000007
NA,NA,72.19,NA,1.2536
NA,NA,46.330000000000005,NA,3.3872000000000018
NA,NA,15.27,NA,5.400900000000005
NA,NA,39.68,NA,2.625000000000001
NA,NA,72.68,NA,-1.0397
NA,NA,0.0,NA,2.1965000000000003
NA,NA,20.23,NA,0.3887
NA,NA,17.07,NA,0.5952999999999999
NA,NA,53.09,NA,3.301000000000002
NA,NA,53.09,NA,3.6911000000000023
NA,NA,56.92000000000001,NA,3.3215000000000026
NA,NA,64.09,NA,1.6617999999999997
NA,NA,64.09,NA,1.3738000000000004
NA,NA,64.09,NA,1.0768999999999993
NA,NA,64.09,NA,0.6332000000000004
NA,NA,73.32000000000001,NA,0.36360000000000176
NA,NA,107.23000000000002,NA,0.2632000000000015
NA,NA,73.32000000000001,NA,0.36360000000000176
NA,NA,47.02000000000001,NA,3.8820000000000032
NA,NA,69.04,NA,2.839900000000001
NA,NA,60.910000000000004,NA,1.2634999999999998
NA,NA,40.46,NA,0.6672999999999998
NA,NA,48.19,NA,1.8492
NA,NA,6.48,NA,4.894400000000004
NA,NA,3.24,NA,5.188000000000004
NA,NA,46.0,NA,1.7744999999999997
NA,NA,20.23,NA,-0.3150999999999999
NA,NA,40.620000000000005,NA,3.3712000000000018
NA,NA,64.43,NA,2.4747000000000003
NA,NA,32.34,NA,2.8457000000000017
NA,NA,52.57,NA,2.5513000000000003
NA,NA,86.63000000000001,NA,0.2065999999999995
NA,NA,40.620000000000005,NA,4.567200000000004
NA,NA,0.0,NA,2.2391999999999994
NA,NA,72.68,NA,-1.0397
NA,NA,58.2,NA,1.3498999999999999
NA,NA,0.0,NA,1.99502
NA,NA,43.07,NA,4.233520000000003
NA,NA,107.23000000000002,NA,0.2632000000000015
NA,NA,64.09,NA,0.35500000000000137
NA,NA,81.16,NA,0.09240000000000181
NA,NA,98.22999999999999,NA,-0.24149999999999738
NA,NA,23.55,NA,4.114700000000004
NA,NA,23.55,NA,4.831400000000006
NA,NA,112.73999999999998,NA,1.63902
NA,NA,23.47,NA,3.636600000000003
NA,NA,74.57000000000001,NA,1.7959
NA,NA,43.78,NA,5.088000000000005
NA,NA,6.48,NA,4.528400000000004
NA,NA,84.60000000000001,NA,3.037700000000001
NA,NA,26.71,NA,4.2363000000000035
NA,NA,41.03,NA,6.510400000000006
NA,NA,55.839999999999996,NA,1.8676999999999995
NA,NA,41.93,NA,1.5011
NA,NA,23.47,NA,3.3264000000000022
NA,NA,9.72,NA,5.4782000000000055
NA,NA,23.47,NA,-0.45970000000000016
NA,NA,29.54,NA,-0.670399999999997
NA,NA,0.0,NA,2.5017000000000005
NA,NA,0.0,NA,1.9864
NA,NA,24.92,NA,0.8434999999999999
NA,NA,16.130000000000003,NA,1.1857
NA,NA,38.91,NA,0.6443000000000001
NA,NA,38.91,NA,2.3112999999999992
NA,NA,43.32,NA,0.8354999999999999
NA,NA,0.0,NA,2.30344
NA,NA,42.43,NA,4.887800000000005
NA,NA,99.6,NA,2.10752
NA,NA,52.93,NA,1.7543
NA,NA,70.0,NA,1.5253999999999999
NA,NA,74.57000000000001,NA,1.2683000000000002
NA,NA,65.78,NA,1.6105000000000003
NA,NA,99.6,NA,1.7376
NA,NA,93.62999999999998,NA,4.489500000000004
NA,NA,108.55000000000003,NA,4.162500000000003
NA,NA,15.27,NA,3.5328000000000026
NA,NA,32.67,NA,3.153800000000002
NA,NA,41.93,NA,1.7250999999999999
NA,NA,52.93000000000001,NA,1.4221000000000001
NA,NA,12.47,NA,3.3542000000000023
NA,NA,58.2,NA,1.7695999999999998
NA,NA,39.18,NA,3.5519000000000025
NA,NA,52.60000000000001,NA,1.2597999999999998
NA,NA,0.0,NA,2.30344
NA,NA,0.0,NA,2.30344
NA,NA,20.23,NA,0.38710000000000006
NA,NA,58.86000000000001,NA,3.0294000000000016
NA,NA,41.99,NA,6.091320000000006
NA,NA,29.54,NA,4.635000000000004
NA,NA,110.43,NA,2.7171000000000003
NA,NA,29.540000000000003,NA,7.217600000000008
NA,NA,68.78,NA,1.559399999999999
NA,NA,35.58,NA,4.913400000000005
NA,NA,65.78,NA,1.6963000000000001
NA,NA,72.72,NA,1.3059999999999998
NA,NA,26.790000000000006,NA,2.774300000000001
NA,NA,41.370000000000005,NA,3.4117000000000015
NA,NA,81.75,NA,2.2009
NA,NA,61.6,NA,2.3825000000000003
NA,NA,54.26,NA,2.806700000000001
NA,NA,67.25,NA,1.1075999999999997
NA,NA,12.47,NA,1.0789000000000002
NA,NA,99.96000000000001,NA,2.8591000000000006
NA,NA,58.1,NA,3.6784000000000017
NA,NA,72.19,NA,0.5376000000000003
NA,NA,52.32,NA,1.6604
NA,NA,43.07,NA,3.271700000000001
NA,NA,34.89,NA,3.256520000000002
NA,NA,81.39999999999999,NA,2.4356
NA,NA,20.23,NA,1.5131999999999999
NA,NA,52.32000000000001,NA,1.4178
NA,NA,24.92,NA,0.8434999999999999
NA,NA,16.130000000000003,NA,1.1857
NA,NA,38.91,NA,0.6443000000000001
NA,NA,43.95,NA,2.7963000000000005
NA,NA,12.47,NA,4.648600000000004
NA,NA,39.68000000000001,NA,3.278400000000002
NA,NA,21.259999999999998,NA,4.306400000000003
NA,NA,72.46000000000001,NA,2.4516
NA,NA,62.22,NA,5.4885000000000055
NA,NA,54.46,NA,6.113400000000008
NA,NA,88.52000000000001,NA,5.246300000000006
NA,NA,88.52000000000001,NA,6.026500000000007
NA,NA,117.62000000000002,NA,6.218800000000004
NA,NA,93.21000000000001,NA,5.915600000000005
NA,NA,92.35,NA,5.029900000000004
NA,NA,59.81,NA,6.027700000000006
NA,NA,100.59,NA,2.0816
NA,NA,46.17,NA,0.4491999999999999
NA,NA,6.48,NA,5.049400000000005
NA,NA,26.71,NA,4.601700000000005
NA,NA,29.950000000000003,NA,4.308100000000003
NA,NA,35.91,NA,4.004900000000003
NA,NA,49.769999999999996,NA,2.2664000000000004
NA,NA,46.17,NA,1.771
NA,NA,40.54,NA,4.425600000000004
NA,NA,48.65,NA,2.3178199999999993
NA,NA,28.68,NA,3.0245200000000008
NA,NA,83.85,NA,2.6632
NA,NA,83.85,NA,5.102160000000004
NA,NA,134.25,NA,1.3093600000000016
NA,NA,127.58,NA,1.5772200000000005
NA,NA,45.15,NA,2.06812
NA,NA,99.6,NA,1.7991000000000001
NA,NA,43.7,NA,6.445800000000007
NA,NA,23.55,NA,4.4013000000000035
NA,NA,65.07,NA,1.9886
NA,NA,52.32000000000001,NA,1.8079
NA,NA,29.950000000000003,NA,-1.0687999999999915
NA,NA,38.77,NA,1.9333
NA,NA,72.55000000000001,NA,1.3795000000000002
NA,NA,35.940000000000005,NA,3.055900000000001
NA,NA,6.48,NA,3.8750000000000027
NA,NA,29.1,NA,2.897800000000001
NA,NA,70.16,NA,1.2262999999999997
NA,NA,41.57,NA,2.5775000000000006
NA,NA,41.57,NA,3.871400000000002
NA,NA,32.7,NA,2.4337000000000004
NA,NA,37.39,NA,3.948500000000003
NA,NA,37.39,NA,4.0100000000000025
NA,NA,50.53,NA,4.694700000000004
NA,NA,74.16,NA,4.513800000000003
NA,NA,65.69,NA,2.953220000000001
NA,NA,83.72,NA,0.5148999999999998
NA,NA,72.68,NA,-1.0397000000000005
NA,NA,37.38,NA,4.522600000000004
NA,NA,23.47,NA,3.080400000000002
NA,NA,32.34,NA,2.5837400000000006
NA,NA,61.690000000000005,NA,3.101300000000001
NA,NA,23.55,NA,4.788500000000004
NA,NA,38.769999999999996,NA,1.8235999999999999
NA,NA,34.89,NA,3.347520000000002
NA,NA,15.6,NA,3.627200000000003
NA,NA,104.63999999999999,NA,0.9834000000000005
NA,NA,42.52,NA,3.213000000000002
NA,NA,43.84,NA,2.3018
NA,NA,101.88,NA,1.0922999999999998
NA,NA,87.66,NA,2.3655
NA,NA,119.05000000000001,NA,-1.3318000000000003
NA,NA,67.00999999999999,NA,3.2433000000000005
NA,NA,95.58000000000001,NA,-0.2492999999999999
NA,NA,53.71000000000001,NA,1.2136000000000002
NA,NA,23.55,NA,4.901100000000005
NA,NA,12.03,NA,1.837
NA,NA,34.89,NA,3.0025400000000015
NA,NA,91.00999999999999,NA,0.5302000000000002
NA,NA,15.71,NA,4.249600000000004
NA,NA,15.71,NA,4.495600000000004
NA,NA,20.23,NA,0.7806
NA,NA,38.33,NA,2.0853
NA,NA,46.17,NA,1.1278
NA,NA,331.93999999999994,NA,-8.424200000000015
NA,NA,83.55,NA,0.6726000000000001
NA,NA,130.83,NA,-2.5629999999999993
NA,NA,95.44,NA,-1.6656999999999993
NA,NA,185.83999999999997,NA,1.0288999999999997
NA,NA,181.61999999999998,NA,0.10829999999999979
NA,NA,49.410000000000004,NA,3.3469000000000015
NA,NA,15.27,NA,3.898800000000003
NA,NA,98.82,NA,-2.708299999999996
NA,NA,104.78,NA,4.036020000000002
NA,NA,40.54,NA,4.080620000000003
NA,NA,52.93000000000001,NA,1.1981
NA,NA,3.24,NA,2.405500000000001
NA,NA,70.0,NA,1.3014
NA,NA,16.130000000000003,NA,1.8483
NA,NA,84.60000000000001,NA,2.3843000000000005
NA,NA,41.46,NA,3.129500000000001
NA,NA,12.03,NA,3.826400000000003
NA,NA,12.47,NA,3.662620000000003
NA,NA,12.47,NA,3.3834000000000026
NA,NA,118.21000000000001,NA,2.0811
NA,NA,6.48,NA,3.6212000000000026
NA,NA,38.33,NA,4.073100000000002
NA,NA,95.94,NA,1.6046
NA,NA,64.52,NA,-0.292599999999999
NA,NA,217.04999999999995,NA,3.157700000000002
NA,NA,150.03,NA,-0.7996999999999965
NA,NA,72.72,NA,0.35060000000000013
NA,NA,161.59,NA,0.15389999999999987
NA,NA,89.53999999999999,NA,-3.7933999999999948
NA,NA,112.72999999999999,NA,0.9158000000000006
NA,NA,88.50999999999999,NA,2.4116
NA,NA,187.41,NA,-0.4537999999999989
NA,NA,176.61,NA,-2.251699999999995
NA,NA,161.56,NA,1.025899999999999
NA,NA,231.64,NA,-1.719499999999992
NA,NA,283.64,NA,-6.949300000000005
NA,NA,297.27,NA,-6.3994000000000035
NA,NA,191.15999999999997,NA,-1.3553999999999948
NA,NA,192.54000000000002,NA,-3.585399999999993
NA,NA,206.03,NA,-2.2238999999999978
NA,NA,97.74000000000001,NA,2.3839000000000006
NA,NA,288.40000000000003,NA,-7.325000000000001
NA,NA,148.07,NA,-1.7562
NA,NA,15.71,NA,4.830200000000005
NA,NA,173.68,NA,2.6707000000000036
NA,NA,314.86999999999995,NA,-7.950800000000014
NA,NA,107.60999999999999,NA,1.3043
NA,NA,113.00999999999999,NA,2.0075
NA,NA,113.00999999999999,NA,2.4962
NA,NA,196.83999999999997,NA,0.7258999999999995
NA,NA,253.9,NA,-2.8756999999999975
NA,NA,112.73000000000002,NA,0.6213000000000004
NA,NA,132.96,NA,0.15049999999999925
NA,NA,112.73000000000002,NA,0.44489999999999896
NA,NA,113.01000000000002,NA,0.5307999999999997
NA,NA,158.74,NA,1.0828199999999997
NA,NA,174.53,NA,0.04100000000000048
NA,NA,133.14,NA,-4.036899999999995
NA,NA,134.49,NA,1.8459199999999998
NA,NA,132.72000000000003,NA,1.4108199999999997
NA,NA,197.15999999999997,NA,1.8223399999999996
NA,NA,177.94,NA,0.3526000000000009
NA,NA,167.43999999999997,NA,-0.7113999999999989
NA,NA,158.20999999999998,NA,-0.17179999999999973
NA,NA,160.10000000000002,NA,1.2927199999999996
NA,NA,132.96,NA,0.8038999999999996
NA,NA,147.21000000000004,NA,-0.16569999999999918
NA,NA,128.28,NA,0.9396
NA,NA,154.09999999999997,NA,-0.18871999999999983
NA,NA,184.51,NA,-0.5447999999999993
NA,NA,190.81000000000006,NA,-0.8697999999999984
NA,NA,163.32999999999998,NA,-0.7283199999999992
NA,NA,202.85999999999996,NA,-1.8399999999999967
NA,NA,197.40000000000003,NA,0.9987200000000007
NA,NA,204.91,NA,-0.9172999999999989
NA,NA,193.63000000000002,NA,-0.7101999999999982
NA,NA,219.92999999999995,NA,-1.3974999999999984
NA,NA,172.45999999999998,NA,-0.6531999999999973
NA,NA,139.04000000000002,NA,2.21872
NA,NA,212.49999999999994,NA,-0.08557999999999871
NA,NA,159.26999999999998,NA,-4.869899999999993
NA,NA,164.45999999999998,NA,-0.11800000000000038
NA,NA,111.10000000000002,NA,0.7274999999999998
NA,NA,121.96000000000001,NA,-0.2114999999999992
NA,NA,158.89999999999998,NA,-0.18359999999999937
NA,NA,190.81000000000006,NA,-1.1904799999999982
NA,NA,156.09000000000003,NA,-0.9445000000000003
NA,NA,225.92,NA,-1.697599999999998
NA,NA,177.42000000000002,NA,0.9809999999999992
NA,NA,232.03000000000003,NA,-1.4356999999999966
NA,NA,190.57999999999998,NA,-1.6069999999999958
NA,NA,147.21000000000004,NA,-0.5557999999999992
NA,NA,147.74,NA,-0.06819999999999826
NA,NA,189.06,NA,-0.16829999999999856
NA,NA,198.29000000000002,NA,0.2384000000000029
NA,NA,172.99,NA,0.4582
NA,NA,139.63,NA,-5.128919999999996
NA,NA,202.02999999999997,NA,-1.6612999999999956
NA,NA,176.32999999999998,NA,-1.129699999999997
NA,NA,113.01000000000002,NA,0.5922999999999998
NA,NA,158.15,NA,1.26504
NA,NA,182.91,NA,2.4397000000000046
NA,NA,102.26000000000002,NA,0.38950000000000023
NA,NA,148.79,NA,0.5064999999999991
NA,NA,95.94,NA,2.3126000000000007
NA,NA,187.85999999999999,NA,-0.13689999999999963
NA,NA,112.72999999999999,NA,0.2797000000000011
NA,NA,278.8,NA,3.2690000000000063
NA,NA,359.98,NA,0.7256400000000023
NA,NA,181.61999999999998,NA,-0.5450999999999999
NA,NA,230.59999999999994,NA,0.9513000000000023
NA,NA,247.93999999999994,NA,-5.266599999999998
NA,NA,112.74000000000001,NA,3.2021200000000016
NA,NA,339.59,NA,-8.367700000000012
NA,NA,238.2,NA,-1.0897000000000006
NA,NA,84.85999999999999,NA,2.8424000000000014
NA,NA,178.12000000000003,NA,3.8303000000000065
NA,NA,145.44,NA,-0.017599999999997284
NA,NA,196.32999999999998,NA,2.201700000000009
NA,NA,224.44999999999996,NA,3.2596000000000007
NA,NA,302.0799999999999,NA,2.7511000000000077
NA,NA,52.19000000000001,NA,5.632900000000006
NA,NA,112.72999999999999,NA,0.22180000000000105
NA,NA,340.12,NA,10.812700000000005
NA,NA,185.83999999999997,NA,1.0305
NA,NA,341.74,NA,-0.6879999999999875
NA,NA,52.489999999999995,NA,1.0351
NA,NA,64.63,NA,3.9643000000000033
NA,NA,95.94,NA,2.4383999999999997
NA,NA,33.62,NA,2.1904999999999997
NA,NA,81.0,NA,5.510500000000007
NA,NA,125.03999999999999,NA,2.9866
NA,NA,169.00000000000003,NA,-1.3741999999999983
NA,NA,193.91,NA,1.877700000000003
NA,NA,87.07000000000001,NA,0.37369999999999987
NA,NA,132.44,NA,1.7770999999999997
NA,NA,126.15,NA,1.4827999999999997
NA,NA,104.06,NA,5.6661000000000055
NA,NA,199.73,NA,-3.327499999999993
NA,NA,171.74,NA,-0.3921999999999976
NA,NA,325.4599999999999,NA,1.2277999999999862
NA,NA,74.57,NA,2.28022
NA,NA,262.36,NA,-1.956829999999992
NA,NA,89.95000000000002,NA,1.4111
NA,NA,32.26,NA,1.5963999999999998
NA,NA,52.489999999999995,NA,1.0334999999999996
NA,NA,50.44,NA,1.8070199999999998
NA,NA,176.60999999999999,NA,1.020299999999999
NA,NA,147.72,NA,-1.210399999999998
NA,NA,297.71999999999997,NA,-7.524400000000013
NA,NA,95.94,NA,1.4756999999999998
NA,NA,206.04999999999998,NA,3.013400000000006
NA,NA,145.07999999999998,NA,0.83152
NA,NA,122.13000000000002,NA,-0.42579999999999735
NA,NA,235.16999999999996,NA,0.5322000000000005
NA,NA,198.42999999999998,NA,2.2189000000000045
NA,NA,122.49000000000002,NA,-0.8569999999999969
NA,NA,144.23000000000002,NA,-0.11389999999999922
NA,NA,92.51,NA,4.2668000000000035
NA,NA,181.62,NA,-2.6010999999999953
NA,NA,73.21000000000001,NA,1.4062000000000001
NA,NA,12.47,NA,4.570200000000004
NA,NA,196.83999999999997,NA,-0.007300000000000806
NA,NA,204.67999999999998,NA,-2.7820999999999927
NA,NA,99.07,NA,1.0599999999999998
NA,NA,181.61999999999998,NA,-0.5944999999999991
NA,NA,38.33,NA,1.4857999999999998
NA,NA,105.17000000000002,NA,0.9490999999999996
NA,NA,173.49999999999997,NA,-0.23379999999999784
NA,NA,67.45,NA,5.270900000000005
NA,NA,206.04999999999998,NA,2.7674000000000056
NA,NA,227.96,NA,1.2700000000000078
NA,NA,111.05000000000001,NA,0.8275000000000003
NA,NA,146.89000000000001,NA,-1.6511999999999964
NA,NA,206.29999999999995,NA,-1.1276999999999984
NA,NA,203.45999999999998,NA,-5.115599999999994
NA,NA,199.72999999999996,NA,-3.200699999999992
NA,NA,111.00999999999999,NA,3.677800000000003
NA,NA,107.77,NA,2.1756
NA,NA,107.77,NA,2.5657000000000005
NA,NA,204.52999999999997,NA,-0.1277999999999998
NA,NA,200.00999999999996,NA,3.6271200000000023
NA,NA,165.98,NA,1.9085000000000043
NA,NA,111.38000000000001,NA,-0.3003999999999978
NA,NA,156.44,NA,-1.1924999999999983
NA,NA,221.29,NA,3.735700000000003
NA,NA,208.17,NA,0.01400000000000129
NA,NA,102.00999999999999,NA,0.8399999999999996
NA,NA,86.71000000000001,NA,0.4799999999999999
NA,NA,266.37,NA,0.18000000000000632
NA,NA,95.94,NA,1.0856
NA,NA,194.34,NA,-1.1726999999999952
NA,NA,204.29999999999998,NA,1.5521999999999996
NA,NA,169.78,NA,0.5672700000000015
NA,NA,249.56999999999996,NA,-4.505099999999988
NA,NA,266.01,NA,0.36100000000000165
NA,NA,128.03,NA,1.3235000000000017
NA,NA,58.559999999999995,NA,1.8909
NA,NA,104.53,NA,2.7328200000000002
NA,NA,227.95999999999995,NA,0.879900000000009
NA,NA,58.559999999999995,NA,3.2414000000000023
NA,NA,95.94,NA,1.4756999999999998
NA,NA,314.87,NA,-8.340900000000014
NA,NA,149.79,NA,0.5732999999999998
NA,NA,205.54999999999995,NA,4.615720000000004
NA,NA,229.26999999999995,NA,5.848220000000009
NA,NA,197.21000000000004,NA,6.5044200000000085
NA,NA,210.61999999999995,NA,5.295720000000007
NA,NA,220.15,NA,4.3354200000000045
NA,NA,201.30999999999997,NA,4.754120000000006
NA,NA,216.66000000000003,NA,4.7390200000000045
NA,NA,198.38,NA,6.157840000000007
NA,NA,132.98999999999998,NA,-5.040699999999997
NA,NA,241.90999999999997,NA,3.1068000000000024
NA,NA,140.2,NA,1.4582000000000004
NA,NA,216.88999999999996,NA,2.2096000000000076
NA,NA,89.9,NA,-0.973099999999999
NA,NA,108.41,NA,1.1791999999999998
NA,NA,88.18,NA,1.4735999999999996
NA,NA,136.07,NA,2.2885
NA,NA,213.72,NA,-3.851499999999992
NA,NA,195.38,NA,2.325100000000007
NA,NA,141.07999999999998,NA,0.2472000000000002
NA,NA,94.91,NA,0.40640000000000004
NA,NA,204.47999999999996,NA,-0.4768999999999957
NA,NA,158.76999999999995,NA,-7.917500000000008
NA,NA,178.35999999999996,NA,4.639000000000005
NA,NA,128.03,NA,1.6458999999999995
NA,NA,122.46000000000001,NA,-1.5231999999999979
NA,NA,662.4100000000001,NA,1.1636000000000069
NA,NA,133.24,NA,0.5221000000000005
NA,NA,134.54000000000002,NA,-0.8319000000000003
NA,NA,86.71000000000001,NA,1.4103999999999999
NA,NA,210.80999999999997,NA,-1.6293999999999977
NA,NA,102.00999999999999,NA,3.0810000000000013
NA,NA,268.17,NA,-6.295799999999999
NA,NA,100.66999999999999,NA,2.545420000000002
NA,NA,184.19,NA,3.6209000000000087
NA,NA,129.51000000000002,NA,-1.7552999999999952
NA,NA,33.62,NA,2.49892
NA,NA,164.82,NA,2.732400000000002
NA,NA,139.04000000000002,NA,2.6594000000000007
NA,NA,49.18,NA,4.318380000000003
NA,NA,210.23,NA,-0.6376999999999953
NA,NA,0.0,NA,2.6496
NA,NA,3.24,NA,4.639400000000005
NA,NA,73.85,NA,-2.2289999999999957
NA,NA,35.58,NA,2.6416000000000004
NA,NA,26.3,NA,8.786200000000003
NA,NA,75.27,NA,1.3123999999999998
NA,NA,154.92000000000002,NA,2.2201199999999996
NA,NA,109.49000000000001,NA,-1.158799999999999
NA,NA,49.410000000000004,NA,3.9585000000000026
NA,NA,75.63,NA,2.5698000000000003
NA,NA,115.03999999999999,NA,-0.8561000000000003
NA,NA,115.48,NA,1.7900199999999997
NA,NA,72.47,NA,2.9846000000000013
NA,NA,68.23,NA,3.383300000000002
NA,NA,29.54,NA,4.654600000000005
NA,NA,126.96000000000001,NA,2.3478000000000003
NA,NA,93.06,NA,2.1948000000000003
NA,NA,119.05,NA,-1.3317999999999997
NA,NA,47.56,NA,3.820400000000003
NA,NA,61.36000000000001,NA,1.9311999999999991
NA,NA,52.32,NA,2.5515000000000008
NA,NA,106.97,NA,3.942700000000003
NA,NA,23.47,NA,4.1346000000000025
NA,NA,74.60000000000001,NA,2.746600000000001
NA,NA,54.370000000000005,NA,3.774200000000003
NA,NA,52.6,NA,4.607500000000004
NA,NA,9.23,NA,1.8521000000000003
NA,NA,62.160000000000004,NA,3.719800000000003
NA,NA,46.61,NA,0.5396999999999998
NA,NA,50.800000000000004,NA,3.4636000000000022
NA,NA,59.08,NA,1.3168000000000017
NA,NA,63.24,NA,1.3375
NA,NA,51.1,NA,1.05354
NA,NA,64.41,NA,3.9068800000000037
NA,NA,29.54,NA,3.1968000000000023
NA,NA,23.47,NA,4.083800000000004
NA,NA,113.75999999999999,NA,0.5657000000000012
NA,NA,74.68,NA,1.5204
NA,NA,93.06,NA,3.1990000000000016
NA,NA,93.06,NA,3.555600000000002
NA,NA,99.13,NA,3.5238000000000023
NA,NA,89.9,NA,3.5107000000000026
NA,NA,55.12,NA,3.1379400000000013
NA,NA,37.269999999999996,NA,4.6311000000000035
NA,NA,35.82,NA,3.472080000000002
NA,NA,53.910000000000004,NA,0.4771000000000005
NA,NA,101.73,NA,1.2851000000000004
NA,NA,23.06,NA,4.181200000000003
NA,NA,12.47,NA,3.886200000000003
NA,NA,35.58,NA,4.224000000000003
NA,NA,48.019999999999996,NA,1.4197000000000002
NA,NA,29.020000000000003,NA,0.5425999999999999
NA,NA,20.23,NA,1.1673
NA,NA,55.56,NA,3.4082000000000017
NA,NA,46.61,NA,1.4577999999999995
NA,NA,64.38000000000001,NA,4.018140000000003
NA,NA,35.580000000000005,NA,4.913400000000004
NA,NA,75.27000000000001,NA,0.5708999999999995
NA,NA,44.81,NA,4.859300000000004
NA,NA,107.22000000000001,NA,-1.4074
NA,NA,63.6,NA,1.3101
NA,NA,58.36,NA,3.675720000000002
NA,NA,49.769999999999996,NA,2.1050000000000004
NA,NA,69.59,NA,1.9434999999999998
NA,NA,118.52,NA,2.1063
NA,NA,59.49,NA,3.459900000000001
NA,NA,63.400000000000006,NA,2.0795000000000003
NA,NA,23.55,NA,2.568600000000001
NA,NA,32.26,NA,2.9221000000000013
NA,NA,54.040000000000006,NA,1.7060999999999997
NA,NA,15.27,NA,1.189
NA,NA,16.96,NA,2.1346
NA,NA,8.17,NA,5.403600000000005
NA,NA,58.1,NA,2.564400000000001
NA,NA,85.28999999999999,NA,0.3387000000000002
NA,NA,75.27000000000001,NA,0.15879999999999939
NA,NA,49.550000000000004,NA,1.27392
NA,NA,29.1,NA,1.9317
NA,NA,94.83000000000001,NA,2.164999999999999
NA,NA,68.23,NA,2.3503000000000007
NA,NA,46.17,NA,0.8392999999999999
NA,NA,155.94000000000003,NA,2.63012
NA,NA,81.69999999999999,NA,2.7895000000000003
NA,NA,41.46,NA,1.5327999999999997
NA,NA,115.47999999999999,NA,4.3778200000000025
NA,NA,23.06,NA,5.2198000000000055
NA,NA,17.82,NA,5.559300000000005
NA,NA,20.23,NA,1.1788999999999998
NA,NA,32.7,NA,4.362800000000004
NA,NA,75.99000000000001,NA,4.954100000000006
NA,NA,100.9,NA,3.7604000000000037
NA,NA,100.9,NA,3.6368000000000027
NA,NA,67.87,NA,2.125399999999999
NA,NA,78.43,NA,0.7967999999999995
NA,NA,60.85,NA,-0.34599999999999986
NA,NA,39.34,NA,4.012400000000003
NA,NA,196.82,NA,6.003440000000006
NA,NA,95.5,NA,-0.5079999999999989
NA,NA,19.370000000000005,NA,4.6886000000000045
NA,NA,43.7,NA,3.2215000000000016
NA,NA,38.33,NA,3.2463000000000015
NA,NA,72.19,NA,0.6008000000000007
NA,NA,0.0,NA,2.4547
NA,NA,63.32,NA,1.56202
NA,NA,46.17,NA,1.5792
NA,NA,43.07,NA,4.404120000000003
NA,NA,130.04999999999998,NA,-1.5548999999999988
NA,NA,38.33,NA,2.822300000000001
NA,NA,23.47,NA,1.9612999999999998
NA,NA,26.790000000000006,NA,4.9096000000000055
NA,NA,49.33,NA,2.0899000000000005
NA,NA,43.7,NA,3.365600000000003
NA,NA,71.68,NA,3.193900000000002
NA,NA,94.07999999999998,NA,0.14539999999999953
NA,NA,62.21,NA,3.1781000000000015
NA,NA,17.07,NA,2.401700000000001
NA,NA,73.63,NA,2.83692
NA,NA,3.24,NA,5.963000000000005
NA,NA,127.59,NA,0.014399999999999635
NA,NA,66.64000000000001,NA,2.786500000000001
NA,NA,52.32,NA,1.4562
NA,NA,40.540000000000006,NA,2.1141
NA,NA,72.63,NA,0.48630000000000007
NA,NA,58.64,NA,3.3876000000000026
NA,NA,47.02,NA,3.8820000000000032
NA,NA,97.46000000000001,NA,0.032200000000000284
NA,NA,43.09,NA,1.2165
NA,NA,69.72,NA,0.6142999999999996
NA,NA,252.36999999999995,NA,2.5666000000000015
NA,NA,99.88000000000001,NA,4.880700000000005
NA,NA,45.75,NA,0.3867399999999999
NA,NA,86.63,NA,1.2034
NA,NA,133.94,NA,3.01002
NA,NA,88.38000000000001,NA,-0.46290000000000003
NA,NA,49.69,NA,2.2411000000000008
NA,NA,54.45,NA,1.6155
NA,NA,0.0,NA,1.9864
NA,NA,67.51,NA,1.4911999999999999
NA,NA,99.13,NA,4.703900000000004
NA,NA,43.07,NA,6.143400000000004
NA,NA,115.08000000000001,NA,4.287480000000003
NA,NA,32.26,NA,4.367600000000004
NA,NA,38.05,NA,1.03
NA,NA,20.23,NA,2.5836000000000006
NA,NA,71.78999999999999,NA,3.108880000000002
NA,NA,48.0,NA,3.5183000000000018
NA,NA,76.69,NA,2.8951800000000008
NA,NA,49.410000000000004,NA,3.939200000000003
NA,NA,99.13000000000002,NA,3.327700000000002
NA,NA,27.03,NA,4.659280000000004
NA,NA,67.59,NA,3.3252000000000015
NA,NA,33.620000000000005,NA,2.7915
NA,NA,71.44,NA,3.3504000000000023
NA,NA,77.51,NA,4.701400000000005
NA,NA,52.81,NA,4.772600000000004
NA,NA,74.60000000000001,NA,2.9981000000000018
NA,NA,80.67000000000002,NA,3.568900000000002
NA,NA,80.67,NA,4.595100000000004
NA,NA,30.17,NA,3.397300000000002
NA,NA,12.47,NA,4.8578000000000054
NA,NA,40.540000000000006,NA,5.444400000000004
NA,NA,26.71,NA,4.236300000000004
NA,NA,61.339999999999996,NA,2.5555000000000003
NA,NA,94.83,NA,1.9001
NA,NA,35.53,NA,3.880000000000001
NA,NA,12.47,NA,3.327300000000001
NA,NA,37.38,NA,5.036900000000005
NA,NA,6.48,NA,4.335800000000003
NA,NA,32.67,NA,3.777700000000003
NA,NA,80.67,NA,4.6993000000000045
NA,NA,35.580000000000005,NA,4.380100000000004
NA,NA,23.47,NA,4.496700000000004
NA,NA,38.77,NA,3.3496000000000024
NA,NA,94.83,NA,2.1409
NA,NA,74.6,NA,2.8108000000000013
NA,NA,97.74000000000001,NA,2.560600000000001
NA,NA,156.02,NA,4.841200000000006
NA,NA,101.65000000000002,NA,4.300600000000004
NA,NA,33.2,NA,1.3749
NA,NA,20.310000000000002,NA,3.3476000000000017
NA,NA,55.4,NA,2.0229999999999997
NA,NA,40.620000000000005,NA,1.2778
NA,NA,76.66,NA,5.0442000000000045
NA,NA,19.03,NA,2.5868
NA,NA,75.27000000000001,NA,1.2491999999999999
NA,NA,3.24,NA,4.553800000000005
NA,NA,37.3,NA,4.205100000000003
NA,NA,98.41,NA,1.8306199999999997
NA,NA,43.09,NA,2.4023999999999996
NA,NA,62.16000000000001,NA,3.1636000000000015
NA,NA,29.54,NA,2.4517000000000007
NA,NA,33.120000000000005,NA,4.121200000000003
NA,NA,46.17,NA,1.2540999999999998
NA,NA,23.55,NA,3.377500000000002
NA,NA,57.510000000000005,NA,1.9725999999999995
NA,NA,70.78000000000002,NA,4.322200000000004
NA,NA,15.27,NA,2.995420000000001
NA,NA,52.900000000000006,NA,1.3474999999999997
NA,NA,78.89,NA,1.5488999999999993
NA,NA,74.6,NA,2.5852000000000004
NA,NA,99.08,NA,-0.6251000000000002
NA,NA,94.83000000000001,NA,1.6480999999999997
NA,NA,93.06,NA,2.326700000000001
NA,NA,74.6,NA,2.7808000000000015
NA,NA,28.68,NA,2.6173400000000013
NA,NA,120.11000000000001,NA,3.9242000000000035
NA,NA,15.6,NA,2.1460999999999997
NA,NA,27.63,NA,1.0025
NA,NA,30.49,NA,3.4452000000000025
NA,NA,74.6,NA,3.1655000000000015
NA,NA,80.67,NA,3.7363000000000026
NA,NA,41.57000000000001,NA,3.0736000000000017
NA,NA,100.66,NA,2.742000000000001
NA,NA,180.79000000000002,NA,2.686400000000001
NA,NA,18.509999999999998,NA,5.606600000000006
NA,NA,74.60000000000001,NA,2.7288000000000014
NA,NA,80.67,NA,4.3258000000000045
NA,NA,6.48,NA,4.631100000000004
NA,NA,55.4,NA,0.03140000000000004
NA,NA,65.06,NA,-1.004699999999999
NA,NA,3.24,NA,2.1792
NA,NA,49.410000000000004,NA,-0.9353000000000005
NA,NA,70.78,NA,3.354000000000002
NA,NA,78.42999999999999,NA,1.4799
NA,NA,62.16000000000001,NA,3.3876000000000017
NA,NA,56.49,NA,2.8397200000000016
NA,NA,12.03,NA,3.150500000000001
NA,NA,80.67,NA,4.326300000000004
NA,NA,38.769999999999996,NA,1.4776
NA,NA,69.56,NA,2.9729000000000028
NA,NA,32.78,NA,3.173300000000002
NA,NA,62.16000000000001,NA,1.4776999999999998
NA,NA,21.259999999999998,NA,4.630900000000003
NA,NA,23.55,NA,7.432200000000005
NA,NA,98.82,NA,-1.6213999999999968
NA,NA,23.550000000000004,NA,4.219100000000004
NA,NA,32.67,NA,1.7992
NA,NA,17.82,NA,2.8008200000000008
NA,NA,15.27,NA,5.170500000000004
NA,NA,66.81,NA,3.097800000000002
NA,NA,35.410000000000004,NA,4.889200000000003
NA,NA,33.730000000000004,NA,0.8673999999999995
NA,NA,58.56,NA,2.641700000000001
NA,NA,72.86000000000001,NA,2.2829000000000006
NA,NA,29.54,NA,2.807500000000001
NA,NA,49.25,NA,3.411500000000002
NA,NA,40.620000000000005,NA,2.1615
NA,NA,54.37,NA,3.716300000000003
NA,NA,47.56,NA,2.8926000000000007
NA,NA,44.81,NA,4.114500000000003
NA,NA,6.48,NA,4.4043000000000045
NA,NA,58.64,NA,2.1119
NA,NA,65.06,NA,-0.2244999999999997
NA,NA,24.39,NA,4.773200000000004
NA,NA,29.540000000000003,NA,3.4025000000000016
NA,NA,39.72,NA,-0.2686999999999984
NA,NA,0.0,NA,1.2451
NA,NA,0.0,NA,0.8022
NA,NA,46.17,NA,1.3955
NA,NA,12.03,NA,3.4555000000000025
NA,NA,33.62,NA,1.3472
NA,NA,63.4,NA,-0.12730000000000036
NA,NA,68.44,NA,2.0564999999999998
NA,NA,119.77000000000001,NA,2.7843
NA,NA,46.3,NA,2.4928
NA,NA,62.16000000000001,NA,3.163600000000002
NA,NA,30.49,NA,2.8069000000000015
NA,NA,122.22000000000001,NA,0.5409999999999996
NA,NA,25.240000000000002,NA,3.1064000000000016
NA,NA,78.34,NA,1.9671399999999999
NA,NA,49.410000000000004,NA,0.2774999999999992
NA,NA,128.02999999999997,NA,1.6934000000000005
NA,NA,104.63999999999999,NA,0.9607999999999999
NA,NA,21.700000000000003,NA,3.8095000000000026
NA,NA,49.85,NA,3.8755000000000033
NA,NA,38.77,NA,4.185400000000004
NA,NA,12.03,NA,3.178200000000002
NA,NA,29.1,NA,4.702400000000003
NA,NA,27.82,NA,3.597400000000002
NA,NA,46.17,NA,1.6268999999999998
NA,NA,33.62,NA,2.3739
NA,NA,38.33,NA,1.2626
NA,NA,73.80000000000001,NA,1.2895000000000003
NA,NA,50.69,NA,1.25
NA,NA,40.46,NA,2.7085000000000012
NA,NA,63.83,NA,2.0364
NA,NA,51.24000000000001,NA,2.7919
NA,NA,32.26,NA,2.2472000000000003
NA,NA,83.47,NA,1.3814999999999997
NA,NA,23.55,NA,5.566600000000004
NA,NA,102.26000000000002,NA,2.6553000000000004
NA,NA,32.78,NA,3.2299000000000015
NA,NA,101.72999999999999,NA,1.8760999999999997
NA,NA,72.83000000000001,NA,3.8826000000000027
NA,NA,94.83,NA,1.8737
NA,NA,100.9,NA,2.444500000000001
NA,NA,30.870000000000005,NA,1.88552
NA,NA,91.29,NA,2.993400000000001
NA,NA,99.13,NA,2.9376000000000015
NA,NA,80.67,NA,3.987700000000003
NA,NA,80.67,NA,4.767900000000005
NA,NA,34.14,NA,1.6193000000000002
NA,NA,80.67000000000002,NA,3.494100000000002
NA,NA,3.24,NA,5.644300000000005
NA,NA,21.259999999999998,NA,4.435000000000003
NA,NA,36.02,NA,6.829400000000008
NA,NA,35.94,NA,5.171500000000005
NA,NA,61.6,NA,1.4957000000000003
NA,NA,35.580000000000005,NA,5.305400000000005
NA,NA,53.010000000000005,NA,2.3513
NA,NA,52.900000000000006,NA,2.611300000000001
NA,NA,74.6,NA,3.469100000000002
NA,NA,80.67,NA,4.430000000000004
NA,NA,29.950000000000003,NA,4.369600000000004
NA,NA,44.120000000000005,NA,2.808200000000001
NA,NA,28.4,NA,5.919700000000005
NA,NA,82.69,NA,4.628100000000004
NA,NA,131.44,NA,2.9133000000000004
NA,NA,41.57,NA,2.1078
NA,NA,213.27999999999997,NA,-0.044799999999999174
NA,NA,108.36000000000001,NA,3.962800000000003
NA,NA,49.74,NA,4.104200000000003
NA,NA,72.19,NA,0.9903999999999995
NA,NA,70.06,NA,-0.09110000000000018
NA,NA,116.16999999999999,NA,1.5487999999999993
NA,NA,26.79,NA,4.472200000000004
NA,NA,47.02,NA,3.8347000000000033
NA,NA,53.010000000000005,NA,4.722800000000005
NA,NA,101.57000000000001,NA,2.4999199999999995
NA,NA,58.03,NA,-0.38640000000000024
NA,NA,37.3,NA,4.985300000000005
NA,NA,73.44,NA,5.873400000000005
NA,NA,23.47,NA,4.106600000000004
NA,NA,69.64000000000001,NA,-1.3294999999999955
NA,NA,31.92,NA,3.6929000000000025
NA,NA,43.18000000000001,NA,4.126600000000003
NA,NA,72.83000000000001,NA,3.889300000000003
NA,NA,54.370000000000005,NA,3.9753000000000034
NA,NA,70.13,NA,3.189000000000001
NA,NA,46.61,NA,8.117200000000008
NA,NA,94.83,NA,2.3203000000000005
NA,NA,41.57,NA,3.0736000000000008
NA,NA,46.25,NA,3.8301000000000016
NA,NA,29.950000000000003,NA,4.2934000000000045
NA,NA,51.16,NA,3.8567000000000027
NA,NA,106.86000000000001,NA,-0.6532000000000002
NA,NA,104.14,NA,2.6743000000000006
NA,NA,106.97,NA,3.3133000000000017
NA,NA,169.70000000000002,NA,1.3725999999999996
NA,NA,100.90000000000002,NA,3.5227000000000026
NA,NA,100.89999999999999,NA,4.302900000000005
NA,NA,73.16,NA,0.5369999999999999
NA,NA,60.41,NA,3.213420000000001
NA,NA,43.09,NA,1.6714
NA,NA,41.9,NA,3.950600000000003
NA,NA,41.489999999999995,NA,1.4050399999999998
NA,NA,38.77,NA,2.441
NA,NA,64.8,NA,4.826600000000004
NA,NA,33.27,NA,4.317800000000004
NA,NA,26.79,NA,2.1436
NA,NA,26.299999999999997,NA,3.8876000000000026
NA,NA,12.03,NA,1.9059999999999997
NA,NA,30.49,NA,1.6230999999999995
NA,NA,68.53,NA,3.9273200000000035
NA,NA,3.24,NA,3.9512000000000027
NA,NA,50.36,NA,1.7479999999999998
NA,NA,44.290000000000006,NA,2.4240000000000004
NA,NA,86.71000000000001,NA,-1.6599999999999955
NA,NA,67.16,NA,1.4176199999999997
NA,NA,94.83,NA,1.6496999999999993
NA,NA,100.9,NA,2.220500000000001
NA,NA,117.59,NA,4.257800000000004
NA,NA,34.15,NA,3.977800000000003
NA,NA,40.540000000000006,NA,2.9666000000000015
NA,NA,49.85,NA,3.280100000000002
NA,NA,40.540000000000006,NA,2.334700000000001
NA,NA,50.080000000000005,NA,1.9288999999999998
NA,NA,40.54,NA,4.3335000000000035
NA,NA,46.09,NA,4.878100000000004
NA,NA,51.370000000000005,NA,2.841400000000001
NA,NA,12.03,NA,4.367100000000003
NA,NA,32.34,NA,3.820300000000003
NA,NA,49.85,NA,3.925900000000003
NA,NA,23.55,NA,2.8980000000000006
NA,NA,12.47,NA,3.287600000000002
NA,NA,74.58,NA,2.4963000000000006
NA,NA,94.65,NA,2.9331000000000014
NA,NA,42.43000000000001,NA,4.887800000000005
NA,NA,52.900000000000006,NA,3.1256000000000013
NA,NA,37.190000000000005,NA,3.558900000000002
NA,NA,41.57,NA,1.9838999999999998
NA,NA,124.0,NA,1.4373999999999998
NA,NA,55.760000000000005,NA,1.8291
NA,NA,99.13000000000001,NA,3.9165000000000028
NA,NA,28.07,NA,3.7714000000000034
NA,NA,57.839999999999996,NA,3.504500000000002
NA,NA,35.83,NA,2.6092000000000017
NA,NA,81.08,NA,1.8126999999999995
NA,NA,38.05,NA,1.2109
NA,NA,104.63999999999999,NA,1.2294000000000005
NA,NA,84.6,NA,3.4262000000000015
NA,NA,61.36,NA,0.6040000000000001
NA,NA,74.6,NA,3.411500000000002
NA,NA,54.37,NA,3.9403000000000032
NA,NA,50.8,NA,-1.3514999999999966
NA,NA,3.24,NA,4.709300000000004
NA,NA,20.310000000000002,NA,3.520500000000003
NA,NA,26.02,NA,2.6941000000000006
NA,NA,56.79,NA,1.1823999999999995
NA,NA,32.7,NA,3.737500000000003
NA,NA,6.48,NA,4.631100000000004
NA,NA,57.58,NA,1.2867
NA,NA,49.33,NA,1.3505999999999998
NA,NA,40.46,NA,2.3184000000000005
NA,NA,19.37,NA,2.7113000000000014
NA,NA,66.48,NA,0.5009999999999997
NA,NA,58.199999999999996,NA,1.6929999999999996
NA,NA,32.7,NA,2.6174000000000013
NA,NA,41.93000000000001,NA,2.0761999999999996
NA,NA,106.97,NA,3.335300000000002
NA,NA,18.84,NA,3.785320000000003
NA,NA,63.71,NA,5.833200000000006
NA,NA,83.71000000000001,NA,3.2802000000000007
NA,NA,49.77,NA,2.0204
NA,NA,73.02,NA,2.9347000000000003
NA,NA,24.940000000000005,NA,3.546400000000003
NA,NA,29.759999999999998,NA,1.898
NA,NA,72.83000000000001,NA,3.949500000000003
NA,NA,41.57,NA,3.867300000000003
NA,NA,44.29,NA,1.6454
NA,NA,27.05,NA,6.454800000000002
NA,NA,50.41,NA,2.6311
NA,NA,55.12,NA,0.2514999999999994
NA,NA,24.83,NA,0.8805
NA,NA,50.28,NA,2.1961199999999996
NA,NA,49.77,NA,4.150300000000003
NA,NA,54.34,NA,3.8617000000000026
NA,NA,41.57,NA,1.4019999999999997
NA,NA,60.160000000000004,NA,2.01
NA,NA,74.6,NA,3.411500000000002
NA,NA,15.27,NA,4.073500000000003
NA,NA,49.85,NA,0.9928999999999992
NA,NA,38.82,NA,4.743200000000004
NA,NA,85.03999999999999,NA,2.3827000000000007
NA,NA,64.63,NA,1.0536999999999999
NA,NA,65.96000000000001,NA,0.7204
NA,NA,48.00000000000001,NA,8.323500000000008
NA,NA,38.77,NA,9.312700000000001
NA,NA,46.53,NA,6.2640000000000065
NA,NA,34.89,NA,2.919200000000002
NA,NA,106.1,NA,3.1052000000000026
NA,NA,73.16,NA,1.7073000000000003
NA,NA,52.93,NA,2.5125
NA,NA,70.0,NA,2.0816
NA,NA,28.97,NA,-1.3921999999999983
NA,NA,24.39,NA,2.4080000000000004
NA,NA,67.84,NA,2.3535000000000004
NA,NA,55.53,NA,0.6684000000000014
NA,NA,49.410000000000004,NA,1.86434
NA,NA,67.06,NA,3.8796000000000026
NA,NA,83.12,NA,1.0224999999999995
NA,NA,48.47,NA,2.5513000000000003
NA,NA,112.02,NA,4.120600000000004
NA,NA,90.85000000000001,NA,3.3664000000000023
NA,NA,42.43000000000001,NA,0.5539999999999998
NA,NA,55.980000000000004,NA,0.1805
NA,NA,33.2,NA,1.5635999999999999
NA,NA,75.80999999999999,NA,2.4086000000000007
NA,NA,90.65,NA,2.2687
NA,NA,30.490000000000002,NA,3.424800000000001
NA,NA,106.15,NA,2.13887
NA,NA,38.050000000000004,NA,5.557800000000006
NA,NA,24.92,NA,3.4952000000000014
NA,NA,29.259999999999998,NA,2.8461000000000007
NA,NA,53.6,NA,4.120400000000004
NA,NA,0.0,NA,1.5182000000000002
NA,NA,32.26,NA,2.738200000000001
NA,NA,61.72,NA,0.8558999999999999
NA,NA,41.46,NA,3.5816000000000017
NA,NA,75.69,NA,2.881800000000001
NA,NA,24.83,NA,3.115800000000002
NA,NA,3.24,NA,5.5781000000000045
NA,NA,63.64000000000001,NA,4.013740000000003
NA,NA,73.04,NA,2.4173
NA,NA,38.05,NA,1.8085999999999998
NA,NA,12.03,NA,4.312300000000003
NA,NA,48.0,NA,5.0609000000000055
NA,NA,12.47,NA,3.4871000000000025
NA,NA,63.4,NA,2.6422
NA,NA,23.06,NA,3.7622000000000027
NA,NA,83.63,NA,-1.9350999999999994
NA,NA,100.9,NA,1.4281000000000004
NA,NA,99.33999999999999,NA,0.8278999999999999
NA,NA,29.540000000000003,NA,2.979400000000002
NA,NA,63.160000000000004,NA,5.380100000000004
NA,NA,78.22,NA,3.1575000000000015
NA,NA,80.70000000000002,NA,2.7327000000000012
NA,NA,67.59,NA,2.535
NA,NA,61.44,NA,3.943800000000002
NA,NA,27.69,NA,1.0878
NA,NA,100.9,NA,2.3224
NA,NA,3.24,NA,1.7515999999999998
NA,NA,39.72,NA,3.326500000000002
NA,NA,84.86000000000001,NA,3.740300000000002
NA,NA,23.47,NA,7.532700000000007
NA,NA,104.63999999999999,NA,0.5901
NA,NA,61.800000000000004,NA,2.3087
NA,NA,58.92,NA,0.7004999999999999
NA,NA,36.66,NA,2.1308999999999996
NA,NA,28.160000000000004,NA,3.3114000000000017
NA,NA,56.75,NA,3.373700000000002
NA,NA,29.950000000000003,NA,3.942700000000003
NA,NA,117.84000000000002,NA,4.793600000000005
NA,NA,72.19,NA,0.4240000000000001
NA,NA,23.47,NA,4.159100000000004
NA,NA,72.19,NA,1.3751000000000002
NA,NA,21.259999999999998,NA,1.736
NA,NA,47.28,NA,0.9171999999999998
NA,NA,37.38,NA,1.1589
NA,NA,49.36,NA,1.8423999999999994
NA,NA,58.2,NA,1.7695999999999994
NA,NA,66.48,NA,2.0758
NA,NA,36.44,NA,2.0396
NA,NA,23.47,NA,3.4017000000000017
NA,NA,84.5,NA,0.8289999999999994
NA,NA,24.92,NA,4.834000000000003
NA,NA,43.78,NA,4.976400000000005
NA,NA,49.769999999999996,NA,2.9516000000000018
NA,NA,44.730000000000004,NA,2.102
NA,NA,70.16,NA,10.056299999999998
NA,NA,36.1,NA,2.19222
NA,NA,63.4,NA,-0.9059000000000004
NA,NA,12.47,NA,3.1270000000000016
NA,NA,47.78,NA,4.259520000000003
NA,NA,73.36,NA,3.6921800000000013
NA,NA,16.96,NA,0.046819999999999695
NA,NA,66.4,NA,1.0134999999999998
NA,NA,67.75999999999999,NA,4.044900000000002
NA,NA,52.650000000000006,NA,0.8438000000000003
NA,NA,87.29999999999998,NA,0.8225999999999998
NA,NA,116.20000000000002,NA,3.6993000000000027
NA,NA,104.13999999999999,NA,2.4503000000000004
NA,NA,127.2,NA,7.913200000000011
NA,NA,100.9,NA,3.5447000000000024
NA,NA,94.83,NA,1.7237
NA,NA,63.31999999999999,NA,1.0821
NA,NA,80.67000000000002,NA,4.9310000000000045
NA,NA,3.24,NA,1.3305999999999998
NA,NA,53.160000000000004,NA,1.0488
NA,NA,52.32,NA,2.4406000000000008
NA,NA,73.13,NA,2.0162999999999998
NA,NA,72.19,NA,2.898500000000001
NA,NA,3.24,NA,3.4936000000000025
NA,NA,38.69,NA,1.4023999999999999
NA,NA,58.64,NA,1.8921999999999999
NA,NA,0.0,NA,1.04468
NA,NA,48.470000000000006,NA,2.735500000000001
NA,NA,20.23,NA,3.639000000000002
NA,NA,40.620000000000005,NA,4.088200000000003
NA,NA,3.24,NA,4.534600000000004
NA,NA,95.50000000000001,NA,-0.3142000000000002
NA,NA,32.7,NA,2.706900000000001
NA,NA,82.04999999999998,NA,-1.1855
NA,NA,85.78999999999999,NA,1.7435
NA,NA,26.03,NA,3.4948000000000015
NA,NA,106.70000000000002,NA,2.5708400000000013
NA,NA,48.3,NA,2.8560000000000008
NA,NA,36.02,NA,3.6128000000000027
NA,NA,72.88000000000001,NA,2.1361000000000003
NA,NA,12.47,NA,4.392300000000004
NA,NA,12.03,NA,1.8967
NA,NA,54.260000000000005,NA,3.5636000000000028
NA,NA,55.12,NA,2.2193999999999994
NA,NA,76.15,NA,2.0002999999999997
NA,NA,74.6,NA,3.199300000000002
NA,NA,76.38,NA,3.588400000000001
NA,NA,35.580000000000005,NA,3.1190000000000015
NA,NA,123.21000000000001,NA,2.0818000000000003
NA,NA,20.2,NA,3.866800000000003
NA,NA,54.37,NA,4.496500000000005
NA,NA,59.28,NA,2.00092
NA,NA,32.78,NA,2.7597000000000014
NA,NA,55.56,NA,2.6351000000000004
NA,NA,97.31,NA,1.6011999999999995
NA,NA,32.67,NA,1.8047
NA,NA,93.06,NA,2.980900000000001
NA,NA,58.2,NA,0.9372999999999991
NA,NA,47.56,NA,2.6201000000000008
NA,NA,68.44,NA,0.9960000000000007
NA,NA,36.42,NA,1.9592999999999998
NA,NA,32.34,NA,2.845700000000001
NA,NA,57.690000000000005,NA,2.2595
NA,NA,48.62,NA,0.8541800000000002
NA,NA,119.61000000000001,NA,-1.6424
NA,NA,63.31999999999999,NA,0.4910999999999999
NA,NA,83.83000000000001,NA,2.3096
NA,NA,23.550000000000004,NA,4.078800000000004
NA,NA,37.61,NA,4.413200000000004
NA,NA,36.26,NA,5.860780000000005
NA,NA,3.24,NA,2.1826
NA,NA,79.23,NA,0.7617999999999999
NA,NA,40.51,NA,4.627600000000005
NA,NA,3.24,NA,3.837100000000003
NA,NA,83.06,NA,3.1938000000000013
NA,NA,3.24,NA,4.738000000000005
NA,NA,6.48,NA,3.0292000000000012
NA,NA,72.83,NA,4.585600000000006
NA,NA,55.13,NA,2.8521600000000014
NA,NA,52.650000000000006,NA,3.217100000000001
NA,NA,32.78,NA,4.560400000000004
NA,NA,44.81,NA,3.023100000000002
NA,NA,35.580000000000005,NA,4.047600000000004
NA,NA,30.930000000000003,NA,2.7571000000000003
NA,NA,88.60999999999999,NA,-0.017299999999997207
NA,NA,38.69,NA,2.8355000000000006
NA,NA,97.53999999999999,NA,2.0345
NA,NA,98.22,NA,1.3660199999999996
NA,NA,68.28,NA,0.5918999999999999
NA,NA,101.72999999999999,NA,0.16660000000000008
NA,NA,97.53999999999999,NA,0.26400000000000035
NA,NA,75.71000000000001,NA,1.7028999999999994
NA,NA,84.5,NA,1.8081999999999998
NA,NA,69.64000000000001,NA,0.5262000000000009
NA,NA,95.94,NA,3.338300000000002
NA,NA,78.87,NA,3.031500000000001
NA,NA,22.75,NA,2.2941899999999995
NA,NA,83.55000000000001,NA,-0.17730000000000024
NA,NA,21.259999999999998,NA,4.195100000000003
NA,NA,12.03,NA,4.911700000000004
NA,NA,83.55000000000001,NA,0.6104000000000003
NA,NA,80.85,NA,1.7945999999999998
NA,NA,12.03,NA,3.8728000000000034
NA,NA,45.150000000000006,NA,2.06812
NA,NA,45.17,NA,4.144400000000004
NA,NA,31.73,NA,4.653900000000004
NA,NA,8.17,NA,4.117400000000003
NA,NA,201.77,NA,0.1614000000000041
NA,NA,78.34,NA,1.97512
NA,NA,100.55000000000001,NA,3.4199400000000013
NA,NA,29.020000000000003,NA,3.929400000000003
NA,NA,26.71,NA,4.031100000000004
NA,NA,26.71,NA,4.831100000000006
NA,NA,41.129999999999995,NA,0.5085999999999997
NA,NA,19.03,NA,4.320400000000003
NA,NA,51.370000000000005,NA,2.931700000000002
NA,NA,75.27000000000001,NA,1.5751
NA,NA,38.769999999999996,NA,3.238100000000002
NA,NA,58.2,NA,0.7534999999999998
NA,NA,83.55000000000001,NA,0.08779999999999971
NA,NA,48.0,NA,2.421100000000001
NA,NA,58.199999999999996,NA,1.4361
NA,NA,58.199999999999996,NA,1.5159999999999996
NA,NA,23.550000000000004,NA,3.8183000000000034
NA,NA,36.02,NA,4.513500000000004
NA,NA,47.10000000000001,NA,3.177100000000002
NA,NA,41.9,NA,1.2021
NA,NA,40.54,NA,5.044840000000004
NA,NA,86.71000000000001,NA,4.192600000000003
NA,NA,19.03,NA,3.6789200000000024
NA,NA,30.490000000000002,NA,1.7288
NA,NA,29.54,NA,-0.11579999999999835
NA,NA,18.84,NA,2.858600000000001
NA,NA,41.03,NA,5.137990000000005
NA,NA,53.11,NA,2.41017
NA,NA,80.67000000000002,NA,3.7947000000000024
NA,NA,95.1,NA,0.5344200000000003
NA,NA,31.92,NA,4.224900000000003
NA,NA,61.339999999999996,NA,3.7943000000000033
NA,NA,56.75000000000001,NA,3.9079000000000033
NA,NA,37.3,NA,5.169600000000005
NA,NA,94.17,NA,1.5688000000000004
NA,NA,12.03,NA,5.8940000000000055
NA,NA,74.6,NA,2.719100000000001
NA,NA,91.67000000000002,NA,4.095200000000004
NA,NA,21.259999999999998,NA,3.3204200000000013
NA,NA,61.640000000000015,NA,4.441500000000003
NA,NA,68.15,NA,4.152820000000002
NA,NA,35.16,NA,2.3912400000000007
NA,NA,23.47,NA,2.829120000000002
NA,NA,66.81,NA,4.959720000000004
NA,NA,40.54,NA,4.8460000000000045
NA,NA,115.53999999999999,NA,-0.39539999999999814
NA,NA,69.03999999999999,NA,3.148320000000002
NA,NA,52.6,NA,4.859800000000004
NA,NA,32.7,NA,-0.2488999999999988
NA,NA,12.47,NA,1.9402
NA,NA,76.26,NA,0.14980000000000215
NA,NA,128.23,NA,4.035800000000003
NA,NA,112.27000000000001,NA,5.029700000000005
NA,NA,20.23,NA,1.8172000000000001
NA,NA,77.10000000000001,NA,1.3105999999999995
NA,NA,52.57,NA,3.0081000000000007
NA,NA,66.76,NA,1.4659
NA,NA,52.6,NA,5.1291000000000055
NA,NA,117.53999999999999,NA,2.740519999999999
NA,NA,99.82,NA,2.0441
NA,NA,48.0,NA,3.1187000000000014
NA,NA,79.11,NA,1.1223000000000003
NA,NA,45.980000000000004,NA,4.581600000000003
NA,NA,90.47000000000001,NA,2.393700000000001
NA,NA,52.32000000000001,NA,0.10160000000000013
NA,NA,151.14000000000001,NA,-0.797599999999999
NA,NA,43.09,NA,2.8584000000000014
NA,NA,171.37,NA,-1.4366999999999985
NA,NA,52.6,NA,3.2928000000000024
NA,NA,100.66,NA,2.6621000000000006
NA,NA,59.14,NA,2.1866999999999996
NA,NA,32.7,NA,3.0356000000000005
NA,NA,110.96000000000001,NA,0.7314000000000005
NA,NA,63.32,NA,0.3645000000000001
NA,NA,39.72,NA,1.4524999999999997
NA,NA,9.23,NA,1.29
NA,NA,29.46,NA,8.840260000000002
NA,NA,3.24,NA,6.190400000000006
NA,NA,26.71,NA,4.716700000000004
NA,NA,23.47,NA,4.662800000000004
NA,NA,24.39,NA,3.2082400000000018
NA,NA,49.33,NA,3.9750000000000023
NA,NA,69.64000000000001,NA,1.5979999999999994
NA,NA,26.79,NA,2.9238000000000017
NA,NA,48.470000000000006,NA,3.809000000000002
NA,NA,50.49,NA,1.68142
NA,NA,61.71,NA,3.1473000000000013
NA,NA,43.85,NA,3.2870000000000017
NA,NA,91.75999999999999,NA,1.5679999999999998
NA,NA,12.47,NA,4.880900000000004
NA,NA,21.259999999999998,NA,2.3862000000000005
NA,NA,23.55,NA,4.442000000000004
NA,NA,46.31,NA,3.333300000000002
NA,NA,32.34,NA,1.3037999999999998
NA,NA,94.83000000000001,NA,2.0209
NA,NA,26.02,NA,2.1325000000000003
NA,NA,74.6,NA,2.8092000000000015
NA,NA,6.48,NA,4.487000000000004
NA,NA,67.03,NA,3.7265000000000033
NA,NA,29.54,NA,2.806700000000001
NA,NA,37.61,NA,5.499200000000004
NA,NA,106.97,NA,3.9494000000000034
NA,NA,32.34,NA,3.622200000000003
NA,NA,72.19,NA,2.705400000000001
NA,NA,144.32000000000002,NA,-0.1718799999999996
NA,NA,72.19,NA,1.3532000000000002
NA,NA,9.72,NA,3.781100000000003
NA,NA,40.620000000000005,NA,4.5640000000000045
NA,NA,36.86,NA,3.4292000000000016
NA,NA,35.94,NA,3.470100000000002
NA,NA,86.01,NA,2.0547
NA,NA,49.85,NA,4.371300000000004
NA,NA,43.78,NA,4.084800000000004
NA,NA,65.22,NA,3.963740000000003
NA,NA,49.769999999999996,NA,1.9308999999999998
NA,NA,74.07,NA,1.7593799999999997
NA,NA,106.97,NA,4.086800000000004
NA,NA,36.69,NA,3.3908000000000023
NA,NA,32.7,NA,3.4076200000000028
NA,NA,41.129999999999995,NA,2.682200000000001
NA,NA,83.55000000000001,NA,2.2532000000000005
NA,NA,29.54,NA,1.9376
NA,NA,12.03,NA,3.4312000000000022
NA,NA,3.24,NA,3.7496000000000027
NA,NA,21.060000000000002,NA,0.8324999999999994
NA,NA,23.47,NA,4.083800000000004
NA,NA,106.97,NA,3.6734000000000027
NA,NA,100.9,NA,2.4665
NA,NA,106.97,NA,3.8175000000000034
NA,NA,21.259999999999998,NA,0.7722999999999993
NA,NA,11.41,NA,3.437700000000002
NA,NA,75.27000000000001,NA,1.2135999999999998
NA,NA,85.49000000000001,NA,0.9888000000000001
NA,NA,34.400000000000006,NA,3.6709000000000023
NA,NA,32.34,NA,2.3393000000000006
NA,NA,12.47,NA,4.116700000000003
NA,NA,67.59,NA,2.1114999999999995
NA,NA,46.61,NA,8.226300000000007
NA,NA,93.06,NA,2.7168000000000014
NA,NA,3.24,NA,4.8670000000000035
NA,NA,12.47,NA,4.651700000000004
NA,NA,69.64000000000001,NA,2.0881999999999996
NA,NA,75.27000000000001,NA,0.9609999999999994
NA,NA,30.49,NA,2.2161
NA,NA,3.24,NA,4.504900000000004
NA,NA,50.36,NA,1.9983
NA,NA,58.559999999999995,NA,1.4210999999999998
NA,NA,72.19,NA,1.1350000000000005
NA,NA,49.85,NA,3.6799000000000026
NA,NA,52.81,NA,4.119200000000002
NA,NA,31.92,NA,3.302800000000002
NA,NA,23.47,NA,-0.03500000000000014
NA,NA,6.48,NA,3.6768000000000027
NA,NA,20.23,NA,1.3437000000000001
NA,NA,97.74000000000001,NA,2.5539000000000005
NA,NA,108.55000000000003,NA,4.815900000000004
NA,NA,81.78,NA,1.1749999999999998
NA,NA,12.47,NA,4.181700000000004
NA,NA,38.33,NA,1.7637999999999996
NA,NA,30.270000000000003,NA,3.7466800000000022
NA,NA,35.83,NA,3.1981000000000024
NA,NA,15.27,NA,3.587500000000002
NA,NA,12.47,NA,3.9624000000000033
NA,NA,62.24000000000001,NA,1.9195999999999995
NA,NA,12.47,NA,5.4378000000000055
NA,NA,110.72999999999999,NA,3.1262000000000025
NA,NA,49.410000000000004,NA,3.786400000000002
NA,NA,29.1,NA,2.5984000000000016
NA,NA,70.78000000000002,NA,1.2108999999999999
NA,NA,36.44,NA,4.159000000000004
NA,NA,36.26,NA,3.8129800000000023
NA,NA,43.09,NA,2.7876000000000003
NA,NA,23.550000000000004,NA,3.263900000000003
NA,NA,23.47,NA,3.394400000000002
NA,NA,30.18,NA,4.838520000000003
NA,NA,74.6,NA,3.1422000000000017
NA,NA,80.67,NA,4.103100000000004
NA,NA,41.57,NA,2.1768
NA,NA,15.27,NA,4.870700000000005
NA,NA,12.47,NA,4.973200000000004
NA,NA,18.84,NA,4.1303000000000045
NA,NA,56.84,NA,2.836100000000001
NA,NA,41.57,NA,3.4788000000000014
NA,NA,42.84,NA,3.3377000000000017
NA,NA,100.9,NA,2.7117000000000013
NA,NA,40.620000000000005,NA,1.6679
NA,NA,30.270000000000003,NA,4.358680000000003
NA,NA,50.69,NA,1.3925
NA,NA,26.02,NA,2.2814000000000005
NA,NA,48.19,NA,2.6294000000000013
NA,NA,33.73,NA,1.4361999999999997
NA,NA,15.27,NA,4.095600000000003
NA,NA,3.24,NA,4.2534000000000045
NA,NA,23.47,NA,3.609200000000003
NA,NA,12.47,NA,4.911600000000005
NA,NA,29.54,NA,1.3920000000000003
NA,NA,15.6,NA,3.9657000000000027
NA,NA,58.1,NA,3.453700000000002
NA,NA,102.25999999999999,NA,2.563200000000001
NA,NA,42.82,NA,3.0415800000000015
NA,NA,41.46,NA,3.7829000000000015
NA,NA,33.62,NA,3.0447000000000006
NA,NA,38.05,NA,3.401900000000002
NA,NA,6.48,NA,4.260200000000005
NA,NA,9.23,NA,2.0835
NA,NA,32.7,NA,2.451300000000001
NA,NA,23.47,NA,4.454700000000003
NA,NA,32.78,NA,3.5634000000000023
NA,NA,23.47,NA,3.080400000000002
NA,NA,55.56,NA,1.8471
NA,NA,46.25,NA,3.113600000000001
NA,NA,65.07,NA,2.5448000000000004
NA,NA,26.79,NA,2.976300000000001
NA,NA,15.27,NA,2.20822
NA,NA,54.45,NA,2.2689000000000004
NA,NA,12.47,NA,4.579300000000004
NA,NA,6.48,NA,4.631100000000004
NA,NA,21.700000000000003,NA,3.7782000000000027
NA,NA,106.97,NA,2.9853000000000014
NA,NA,106.97,NA,3.5195000000000025
NA,NA,3.24,NA,3.683220000000003
NA,NA,21.700000000000003,NA,4.184300000000003
NA,NA,74.6,NA,3.1709000000000023
NA,NA,6.48,NA,4.415700000000004
NA,NA,49.410000000000004,NA,3.699500000000003
NA,NA,63.4,NA,1.6504000000000003
NA,NA,3.24,NA,1.7922000000000005
NA,NA,73.13,NA,1.9737999999999998
NA,NA,41.129999999999995,NA,1.6071
NA,NA,74.6,NA,2.923300000000001
NA,NA,93.06,NA,2.7227000000000006
NA,NA,81.07999999999998,NA,2.4738000000000007
NA,NA,24.3,NA,2.4382
NA,NA,6.48,NA,4.019800000000004
NA,NA,41.57,NA,1.7920999999999998
NA,NA,23.47,NA,2.5478000000000014
NA,NA,76.15,NA,1.3329999999999993
NA,NA,49.410000000000004,NA,1.2993999999999999
NA,NA,67.75999999999999,NA,3.2003000000000013
NA,NA,43.07,NA,4.2040200000000025
NA,NA,24.92,NA,1.2198
NA,NA,41.81,NA,2.4476999999999993
NA,NA,29.1,NA,1.9742
NA,NA,50.69,NA,0.4562
NA,NA,21.060000000000002,NA,4.168800000000004
NA,NA,15.6,NA,4.698800000000003
NA,NA,32.78,NA,3.6194000000000024
NA,NA,19.03,NA,2.865000000000001
NA,NA,35.94,NA,2.6613000000000007
NA,NA,32.67,NA,3.2929000000000013
NA,NA,94.83,NA,1.8436999999999997
NA,NA,100.89999999999999,NA,3.4407000000000028
NA,NA,217.61999999999998,NA,3.724700000000003
NA,NA,99.13,NA,2.8455000000000013
NA,NA,115.06000000000002,NA,0.5684999999999996
NA,NA,93.06,NA,2.366800000000001
NA,NA,80.67,NA,3.987700000000004
NA,NA,74.6,NA,2.636700000000001
NA,NA,74.6,NA,2.923300000000001
NA,NA,18.84,NA,3.055600000000001
NA,NA,100.9,NA,2.6090000000000013
NA,NA,94.83,NA,1.8157999999999999
NA,NA,94.83,NA,1.5055999999999998
NA,NA,100.90000000000002,NA,3.246700000000002
NA,NA,21.259999999999998,NA,4.382100000000004
NA,NA,93.06,NA,2.498700000000001
NA,NA,52.650000000000006,NA,3.356200000000002
NA,NA,32.67,NA,4.073100000000003
NA,NA,16.380000000000003,NA,3.342600000000002
NA,NA,41.93,NA,1.8502999999999998
NA,NA,3.24,NA,4.302200000000004
NA,NA,71.13000000000001,NA,0.938569999999999
NA,NA,32.67,NA,4.086300000000002
NA,NA,94.83,NA,2.410200000000002
NA,NA,75.27000000000001,NA,1.6392999999999998
NA,NA,12.47,NA,3.985400000000003
NA,NA,6.48,NA,4.066900000000003
NA,NA,29.950000000000003,NA,4.698200000000004
NA,NA,100.9,NA,2.3524000000000003
NA,NA,106.97,NA,4.093500000000003
NA,NA,100.9,NA,3.1326000000000023
NA,NA,49.77,NA,1.6302999999999999
NA,NA,49.769999999999996,NA,1.9186999999999999
NA,NA,106.97,NA,4.086800000000004
NA,NA,58.2,NA,0.5378999999999992
NA,NA,27.82,NA,3.100100000000001
NA,NA,3.24,NA,4.167100000000003
NA,NA,8.17,NA,4.252000000000003
NA,NA,54.02,NA,0.7243999999999998
NA,NA,20.310000000000002,NA,4.149500000000003
NA,NA,94.83,NA,1.7236999999999998
NA,NA,6.48,NA,5.019600000000005
NA,NA,23.550000000000004,NA,3.515200000000002
NA,NA,40.54,NA,3.039600000000002
NA,NA,103.77999999999999,NA,0.05219999999999997
NA,NA,15.71,NA,4.495600000000004
NA,NA,32.26,NA,3.1822000000000012
NA,NA,51.540000000000006,NA,4.642800000000005
NA,NA,21.259999999999998,NA,3.1084000000000023
NA,NA,40.540000000000006,NA,4.236000000000004
NA,NA,49.25,NA,2.7581000000000007
NA,NA,32.260000000000005,NA,2.9654000000000016
NA,NA,30.71,NA,3.779300000000001
NA,NA,3.24,NA,4.2058000000000035
NA,NA,12.47,NA,4.4287000000000045
NA,NA,110.62000000000002,NA,4.357900000000003
NA,NA,21.700000000000003,NA,3.0321000000000016
NA,NA,24.940000000000005,NA,3.7219000000000024
NA,NA,75.81,NA,2.8607000000000014
NA,NA,49.410000000000004,NA,1.4735
NA,NA,66.48,NA,1.0425999999999997
NA,NA,35.16,NA,2.736220000000001
NA,NA,91.66999999999999,NA,2.0117999999999996
NA,NA,24.83,NA,4.404700000000004
NA,NA,20.310000000000002,NA,1.8194000000000001
NA,NA,15.27,NA,3.2711000000000015
NA,NA,47.56,NA,1.79064
NA,NA,23.47,NA,2.546200000000001
NA,NA,49.410000000000004,NA,1.4735
NA,NA,20.310000000000002,NA,4.292000000000003
NA,NA,38.33,NA,1.9509
NA,NA,6.48,NA,5.208900000000006
NA,NA,37.38,NA,1.3330000000000002
NA,NA,94.83,NA,1.8035999999999999
NA,NA,100.90000000000002,NA,2.3744000000000005
NA,NA,138.2,NA,2.2192999999999996
NA,NA,6.48,NA,4.4043000000000045
NA,NA,44.120000000000005,NA,2.279
NA,NA,15.27,NA,3.206900000000002
NA,NA,30.18,NA,4.324220000000002
NA,NA,58.1,NA,4.1071000000000035
NA,NA,49.96000000000001,NA,3.8668200000000033
NA,NA,46.330000000000005,NA,-1.112099999999998
NA,NA,45.33,NA,5.4665200000000045
NA,NA,62.470000000000006,NA,3.4235000000000024
NA,NA,29.020000000000003,NA,1.77532
NA,NA,26.02,NA,2.570400000000001
NA,NA,45.33,NA,1.96282
NA,NA,20.310000000000002,NA,3.705200000000003
NA,NA,21.700000000000003,NA,4.3247000000000035
NA,NA,32.7,NA,2.6610000000000005
NA,NA,75.27000000000001,NA,1.3510999999999993
NA,NA,46.33,NA,0.9938
NA,NA,12.47,NA,3.2380000000000013
NA,NA,53.6,NA,3.783100000000003
NA,NA,69.2,NA,3.0554000000000014
NA,NA,60.89,NA,2.9848000000000017
NA,NA,20.310000000000002,NA,3.910600000000003
NA,NA,50.72,NA,1.1588999999999998
NA,NA,20.310000000000002,NA,3.9035000000000037
NA,NA,32.78,NA,3.5122000000000027
NA,NA,70.0,NA,3.691200000000002
NA,NA,30.870000000000005,NA,1.7464199999999999
NA,NA,29.950000000000003,NA,3.308500000000002
NA,NA,52.32,NA,0.04080000000000006
NA,NA,41.57,NA,3.2139000000000015
NA,NA,43.7,NA,2.9755000000000025
NA,NA,40.620000000000005,NA,3.1686000000000014
NA,NA,40.730000000000004,NA,3.858220000000003
NA,NA,15.71,NA,5.172300000000005
NA,NA,49.33,NA,1.3506
NA,NA,46.61,NA,0.7637
NA,NA,94.83,NA,1.7515999999999996
NA,NA,49.33,NA,1.7407
NA,NA,72.63,NA,-0.1026999999999999
NA,NA,130.05,NA,-1.307299999999999
NA,NA,30.49,NA,2.4621000000000004
NA,NA,43.6,NA,0.39949999999999997
NA,NA,50.5,NA,4.007780000000003
NA,NA,35.94,NA,4.390700000000003
NA,NA,49.5,NA,2.8609000000000013
NA,NA,38.33,NA,2.432900000000001
NA,NA,40.46,NA,2.3184000000000005
NA,NA,12.47,NA,2.0782
NA,NA,38.05,NA,1.3818999999999995
NA,NA,38.05,NA,1.0809
NA,NA,23.47,NA,4.693300000000004
NA,NA,3.24,NA,4.678700000000004
NA,NA,41.57,NA,4.085500000000003
NA,NA,32.67,NA,3.1572000000000013
NA,NA,64.09,NA,4.024100000000003
NA,NA,32.26,NA,3.0646000000000018
NA,NA,50.72,NA,1.5275
NA,NA,3.24,NA,4.374200000000004
NA,NA,6.48,NA,3.8750000000000027
NA,NA,100.9,NA,2.1284
NA,NA,141.03,NA,-2.357399999999995
NA,NA,100.90000000000002,NA,3.2987000000000024
NA,NA,46.39,NA,2.1230200000000004
NA,NA,82.43,NA,3.030680000000001
NA,NA,99.13,NA,3.327700000000002
NA,NA,58.64000000000001,NA,2.2995
NA,NA,6.48,NA,4.239400000000004
NA,NA,44.120000000000005,NA,3.0592000000000015
NA,NA,101.73,NA,0.9467999999999994
NA,NA,19.370000000000005,NA,3.636000000000003
NA,NA,46.17,NA,1.0053999999999998
NA,NA,20.310000000000002,NA,3.4422200000000025
NA,NA,6.48,NA,4.017500000000004
NA,NA,49.410000000000004,NA,2.6335200000000007
NA,NA,69.30000000000001,NA,1.74932
NA,NA,39.72,NA,3.1938000000000013
NA,NA,50.800000000000004,NA,2.6804000000000014
NA,NA,86.71000000000001,NA,0.8334000000000001
NA,NA,30.27,NA,4.354180000000004
NA,NA,48.14,NA,-0.10639999999999994
NA,NA,9.23,NA,1.9161000000000001
NA,NA,48.0,NA,2.2805999999999997
NA,NA,37.38,NA,0.29779999999999984
NA,NA,31.73,NA,4.131120000000004
NA,NA,73.80000000000001,NA,0.7034999999999997
NA,NA,48.830000000000005,NA,3.7759000000000027
NA,NA,35.25,NA,4.174300000000003
NA,NA,55.2,NA,2.9339200000000014
NA,NA,58.28,NA,3.437800000000002
NA,NA,24.83,NA,4.116800000000003
NA,NA,54.040000000000006,NA,2.2549
NA,NA,15.6,NA,3.954600000000003
NA,NA,68.28,NA,0.9819999999999998
NA,NA,101.73,NA,0.5566999999999995
NA,NA,83.55000000000001,NA,0.10970000000000013
NA,NA,3.24,NA,4.4577000000000035
NA,NA,75.27000000000001,NA,0.961
NA,NA,42.63,NA,3.4039800000000033
NA,NA,105.09000000000002,NA,2.4179
NA,NA,32.67,NA,3.605900000000002
NA,NA,58.199999999999996,NA,1.74
NA,NA,75.71000000000001,NA,1.1703
NA,NA,80.67000000000002,NA,4.132800000000003
NA,NA,6.48,NA,4.321700000000003
NA,NA,19.03,NA,4.208120000000003
NA,NA,29.1,NA,2.6960000000000006
NA,NA,74.6,NA,3.223900000000002
NA,NA,18.46,NA,2.5434200000000002
NA,NA,49.77,NA,1.31252
NA,NA,21.259999999999998,NA,3.7246200000000016
NA,NA,28.6,NA,2.9811200000000015
NA,NA,21.700000000000003,NA,3.3236000000000017
NA,NA,93.06,NA,2.4188000000000014
NA,NA,127.20000000000002,NA,1.7620999999999996
NA,NA,99.13,NA,4.405900000000004
NA,NA,49.33,NA,2.7009000000000003
NA,NA,40.620000000000005,NA,3.7366000000000037
NA,NA,6.48,NA,5.505800000000004
NA,NA,9.72,NA,4.945600000000005
NA,NA,46.61,NA,0.37360000000000004
NA,NA,50.800000000000004,NA,3.6292000000000026
NA,NA,35.83,NA,3.5546000000000024
NA,NA,74.6,NA,3.090200000000002
NA,NA,43.09,NA,1.8541999999999996
NA,NA,43.09,NA,1.544
NA,NA,51.16,NA,1.2031999999999998
NA,NA,43.09,NA,1.6881
NA,NA,75.27000000000001,NA,1.1050999999999993
NA,NA,75.27000000000001,NA,0.9609999999999994
NA,NA,34.15,NA,3.977800000000003
NA,NA,38.25000000000001,NA,3.2161000000000017
NA,NA,74.29,NA,2.6407800000000003
NA,NA,16.130000000000003,NA,3.8374000000000024
NA,NA,58.440000000000005,NA,1.7597199999999997
NA,NA,39.99,NA,2.2652
NA,NA,53.470000000000006,NA,-0.1584
NA,NA,108.86000000000001,NA,1.4314000000000002
NA,NA,185.46,NA,-3.2568999999999964
NA,NA,72.32,NA,4.798200000000003
NA,NA,64.60000000000001,NA,4.514820000000003
NA,NA,161.46,NA,0.41560000000000025
